asset_id,event_date,event_id,planned
A:cpjwvv,2011-05-06,E:6avbyn53sz,False
A:cpjwvv,2008-08-30,E:trj6ixh0o9,False
A:cpjwvv,2009-02-06,E:y5bjtvl55l,False
A:cpjwvv,2010-02-07,E:evsbi3vj21,False
A:cpjwvv,2010-02-17,E:njcddphr3b,False
A:cpjwvv,2010-05-18,E:fry99yixfk,False
A:cpjwvv,2010-06-03,E:eku0zyi4cd,False
A:cpjwvv,2010-08-06,E:sv5orf2kc2,False
A:cpjwvv,2010-09-01,E:giwnv8wxjw,False
A:cpjwvv,2010-12-19,E:a8iikd6tuj,False
A:cpjwvv,2011-03-25,E:5eq9g1l9gj,False
A:cpjwvv,2011-07-01,E:q07r3k3ozb,True
A:cpjwvv,2011-07-07,E:fofeca9c2q,False
A:xoauw0,2004-05-10,E:8h4dpsljy3,False
A:xoauw0,2004-10-18,E:zl0sp2rps7,False
A:xoauw0,2003-07-26,E:s08alqo9vd,False
A:xoauw0,2003-08-28,E:ws1vyy7oao,False
A:xoauw0,2005-01-18,E:uxv1ak7npw,False
A:xoauw0,2005-02-09,E:3ijuweltm9,False
A:xpqps2,2009-09-07,E:ndxhmxamfi,False
A:xpqps2,2007-04-26,E:xtynapbja6,False
A:xpqps2,2007-10-03,E:ou4j0c3zu6,False
A:m44bmt,2007-03-29,E:01zkvga68v,False
A:m44bmt,2008-01-22,E:og70gj9mu2,False
A:m44bmt,2007-03-26,E:f7vew1qt43,False
A:m44bmt,2007-10-08,E:6bdckn1ae6,False
A:m44bmt,2007-11-07,E:2woc3z6iqu,False
A:rwkyh1,2012-08-08,E:re73wqizzw,False
A:rwkyh1,2012-10-27,E:t26co9a8zm,False
A:rwkyh1,2012-06-24,E:z0nqqemvli,False
A:rwkyh1,2012-07-02,E:oahz9x382x,False
A:rwkyh1,2012-12-15,E:y5m9t3it5p,False
A:tcftxv,2013-05-12,E:6i1xv6bfie,False
A:tcftxv,2013-06-27,E:f0hqjkn3wi,False
A:tcftxv,2014-04-01,E:q40rlnut9m,False
A:tcftxv,2015-03-03,E:x45y7lmjyu,False
A:tcftxv,2012-06-14,E:0hi00xf7pk,True
A:tcftxv,2012-06-27,E:5gsn7ina2l,False
A:tcftxv,2012-08-22,E:4ntnfuqto4,True
A:tcftxv,2014-08-07,E:w95lez6iki,False
A:tcftxv,2015-02-09,E:3qu7xsdosx,False
A:9vxzhg,2009-02-06,E:g2hpop7202,True
A:9vxzhg,2010-07-23,E:zuquzran2g,False
A:9vxzhg,2011-12-09,E:8i1nd0zv0z,False
A:9vxzhg,2012-03-13,E:zkmobjsfjr,False
A:9vxzhg,2012-10-05,E:yokln5ollg,False
A:9vxzhg,2009-10-15,E:pdtdxhgb90,False
A:9vxzhg,2009-10-30,E:1yoarlsdls,False
A:9vxzhg,2009-12-17,E:ndjy7rev2n,False
A:9vxzhg,2010-01-01,E:zxprbc60jl,False
A:9vxzhg,2010-05-03,E:bh7ekbt4wp,False
A:9vxzhg,2010-11-06,E:u5q8rqclqb,False
A:9vxzhg,2010-11-29,E:1dlw83tx3d,False
A:9vxzhg,2012-04-05,E:iv2rmuj1ar,False
A:9vxzhg,2012-04-08,E:1fhwa1a8q7,False
A:9vxzhg,2013-03-30,E:okwuogka7m,False
A:cl0ool,2005-04-09,E:mc3xc4kzrt,False
A:cl0ool,2005-04-22,E:f767ic5t37,False
A:k1vxf4,2005-02-21,E:rfnlhf9bq1,False
A:k1vxf4,2006-06-15,E:2vba49hi27,True
A:k1vxf4,2007-08-17,E:9flk70pnvv,True
A:k1vxf4,2008-02-01,E:ood57csgih,True
A:k1vxf4,2010-03-30,E:xxi6f7xcqu,False
A:k1vxf4,2012-02-03,E:oexv3gv381,False
A:k1vxf4,2012-03-22,E:1aecqgjwwq,False
A:k1vxf4,2005-03-24,E:1e5r4fl0gn,False
A:k1vxf4,2006-07-21,E:4cp7lk4ttv,False
A:k1vxf4,2008-03-07,E:bi456iendf,False
A:k1vxf4,2010-05-25,E:fevb9dhswy,True
A:k1vxf4,2011-12-05,E:2d8vowmifw,False
A:k1vxf4,2012-01-08,E:egptpswd5x,False
A:k1vxf4,2013-06-15,E:cd6e7zeydw,False
A:7n9p1v,2016-11-14,E:phyk7rgi94,False
A:7n9p1v,2017-02-26,E:cseiezm2ee,False
A:klvrkr,2007-10-26,E:bcz9uzdtv4,False
A:klvrkr,2008-01-28,E:5zrctqb2xv,False
A:klvrkr,2008-10-21,E:2dyvssqo8a,True
A:klvrkr,2008-10-21,E:bktjscclna,True
A:klvrkr,2008-12-05,E:s0ghw1ykan,False
A:klvrkr,2009-03-25,E:l2k7ga6iw9,False
A:klvrkr,2009-08-10,E:k263rsqi7i,False
A:klvrkr,2009-10-18,E:87ogbsrl3e,False
A:klvrkr,2010-01-06,E:lzxh0v5p5z,False
A:klvrkr,2010-07-22,E:svudj2vkaw,False
A:klvrkr,2012-09-25,E:qyou97lcve,False
A:klvrkr,2013-09-09,E:n5lm7anfe7,False
A:klvrkr,2013-10-17,E:zzsqd37fk7,False
A:klvrkr,2014-07-02,E:e0j5pbjq1u,True
A:klvrkr,2014-10-27,E:0i76wxzas7,False
A:klvrkr,2014-11-22,E:fz16w7lsgv,False
A:klvrkr,2014-11-26,E:v8ohpd7c70,False
A:klvrkr,2015-01-27,E:vaofi0xz0r,False
A:klvrkr,2015-05-29,E:06h5zq4wn3,False
A:klvrkr,2015-10-13,E:944nfs9dhh,False
A:klvrkr,2015-12-08,E:9yzkefdq4q,True
A:klvrkr,2016-01-22,E:ufafgrnzxo,False
A:klvrkr,2008-05-06,E:ctezqtr01w,False
A:klvrkr,2008-11-09,E:m8g8p57ui0,False
A:klvrkr,2009-09-22,E:57oktk8pn3,False
A:klvrkr,2009-09-25,E:4qzpllwcqu,False
A:klvrkr,2010-02-12,E:7alfw565it,False
A:klvrkr,2010-02-16,E:xz6mv1kie3,False
A:klvrkr,2012-03-06,E:ps6pbv75ko,False
A:klvrkr,2012-03-25,E:fqe93az5n8,False
A:klvrkr,2012-08-03,E:847otk6cg8,False
A:klvrkr,2012-12-06,E:xc4jhe1lnr,False
A:klvrkr,2013-01-25,E:6vtm150c95,False
A:klvrkr,2013-07-17,E:9lh9zqdnv3,False
A:klvrkr,2013-12-06,E:8lef8f75my,False
A:klvrkr,2014-05-07,E:2ruzpdn8gt,False
A:klvrkr,2014-07-24,E:r3a51vlt49,False
A:klvrkr,2014-12-27,E:vsoggbnlvr,False
A:klvrkr,2015-02-12,E:govq7ninok,False
A:klvrkr,2016-03-17,E:2jx6j5nvtb,False
A:k0dljd,2011-09-14,E:mqrly95bea,False
A:k0dljd,2011-12-20,E:rlqxd26sn1,False
A:k0dljd,2012-03-02,E:sfwpmnnd02,False
A:k0dljd,2012-06-10,E:n5457suojw,False
A:k0dljd,2012-10-21,E:c0672la2sc,False
A:k0dljd,2013-11-04,E:exema3cl0y,True
A:k0dljd,2014-01-13,E:curtxd53q0,False
A:k0dljd,2010-02-04,E:d732adyvl2,False
A:k0dljd,2010-03-12,E:sxsvgp6ft3,False
A:k0dljd,2010-03-14,E:f90lf5zboq,False
A:k0dljd,2010-07-31,E:69xlryah8w,False
A:k0dljd,2010-11-18,E:jeryom46tq,False
A:k0dljd,2012-07-20,E:1dtgmllsyl,False
A:k0dljd,2013-05-20,E:7zodoolqgl,False
A:47c7yg,2003-08-12,E:0nz500zp6z,False
A:47c7yg,2004-05-31,E:wynxjnyvgz,True
A:47c7yg,2005-03-21,E:mz03gyc6en,False
A:47c7yg,2005-06-13,E:6pwqa2djae,False
A:47c7yg,2006-07-14,E:dmpk4egb6a,False
A:47c7yg,2006-09-08,E:qb2qnsvp1z,True
A:47c7yg,2002-11-19,E:jhva1dlpno,False
A:47c7yg,2002-11-19,E:pyvu3idug4,True
A:47c7yg,2003-01-30,E:n8dtptem3z,False
A:47c7yg,2004-03-23,E:tv7lpdfik7,True
A:47c7yg,2004-04-05,E:b1a11is8m8,False
A:47c7yg,2004-06-20,E:4de2lehgv6,False
A:47c7yg,2005-02-08,E:ud4apz4ldx,False
A:47c7yg,2005-11-01,E:vdclwdpl12,False
A:47c7yg,2006-01-09,E:ofshrn3vtl,False
A:47c7yg,2006-02-02,E:ibd813301v,False
A:47c7yg,2006-02-03,E:5uakz7cqe5,False
A:ux9ja1,2012-11-21,E:xuf13bg0cl,True
A:ux9ja1,2016-06-02,E:zfi00fb2h5,False
A:ux9ja1,2010-03-18,E:5qtp2rdfx6,False
A:ux9ja1,2010-03-24,E:mccrqquz2e,False
A:ux9ja1,2011-01-03,E:lmdq70ymtc,False
A:ux9ja1,2012-09-26,E:u4tausy3e0,False
A:ux9ja1,2012-12-18,E:rbu553yg3v,False
A:ux9ja1,2014-12-05,E:3qe8mpppk6,False
A:ux9ja1,2015-06-03,E:mluadnxtrr,False
A:ux9ja1,2016-05-27,E:r5nt0ray71,False
A:xbmr62,2005-03-26,E:j1pu2iegfx,False
A:xbmr62,2006-10-30,E:wdn5qgxr4f,False
A:xbmr62,2007-04-21,E:blp5bjxenq,False
A:xbmr62,2007-10-26,E:mhm80l1nnq,False
A:xbmr62,2007-11-22,E:ue6m2q0b79,False
A:xbmr62,2007-12-09,E:13u6nswmrn,False
A:xbmr62,2005-01-10,E:o4dxbfuppa,False
A:xbmr62,2006-02-25,E:bjzexlklkl,False
A:xbmr62,2006-03-27,E:ak7srzo6gs,False
A:xbmr62,2007-05-26,E:6n80bt86a7,False
A:xbmr62,2007-06-05,E:8yg70h00sx,False
A:xbmr62,2007-12-25,E:hlkdoqscoj,False
A:xbmr62,2008-03-02,E:bwojq92te2,False
A:xbmr62,2008-12-15,E:6y10mzugwe,False
A:xbmr62,2009-07-20,E:z97im8ld0y,False
A:xbmr62,2009-12-03,E:ao0n2a0pms,False
A:mv05y9,2003-11-11,E:k60mh1tarl,True
A:mv05y9,2003-11-11,E:q5lz895ja5,True
A:mv05y9,2004-01-07,E:c6xahjs9ni,False
A:mv05y9,2004-06-04,E:piecuttct0,False
A:mv05y9,2004-07-13,E:iiccn4cl8w,False
A:mv05y9,2005-08-03,E:r4ttm21op3,False
A:mv05y9,2005-09-24,E:w5d219fqw9,False
A:cra98o,2012-10-13,E:fnibpd03vr,False
A:cra98o,2013-04-13,E:zrrg65sp38,False
A:cra98o,2013-06-08,E:q25to66f0b,True
A:cra98o,2012-12-08,E:8jxeh0x812,True
A:rn9tus,2004-06-05,E:e6bpbigkhl,True
A:rn9tus,2004-12-30,E:hz6nzx1en3,False
A:rn9tus,2005-05-16,E:hf9kr8fg0k,False
A:rn9tus,2006-07-22,E:hjrupg4f51,False
A:rn9tus,2007-01-17,E:jjg27n9cnz,False
A:rn9tus,2007-01-17,E:5di0e95qx6,True
A:rn9tus,2007-09-26,E:nzlslgakf5,False
A:rn9tus,2008-01-23,E:fexjsxhblu,True
A:rn9tus,2008-07-09,E:l7or8b8ub6,True
A:rn9tus,2009-03-06,E:u7f7ymsiww,False
A:rn9tus,2003-08-17,E:992wvjrzzp,False
A:rn9tus,2003-12-07,E:crk5luhn08,False
A:rn9tus,2004-02-19,E:i8rehvv35t,False
A:rn9tus,2004-06-05,E:d28tfjp93c,False
A:rn9tus,2004-08-05,E:iis3j38hta,False
A:rn9tus,2005-04-21,E:habffveljv,True
A:rn9tus,2005-12-17,E:cep8dho947,False
A:rn9tus,2006-04-25,E:isrd2qg1rd,False
A:rn9tus,2006-12-28,E:fqpj2dcy7m,False
A:rn9tus,2007-10-03,E:yahm7hvx14,False
A:rn9tus,2009-01-23,E:t349tor4ot,False
A:p1qpcx,2012-05-28,E:ugvq1tmb4b,False
A:p1qpcx,2011-02-20,E:qvfyk9u806,False
A:p1qpcx,2011-04-26,E:504ungramz,False
A:p1qpcx,2011-11-29,E:cjl1evo3q2,False
A:p1qpcx,2012-03-05,E:jchqvr8zlg,False
A:p1qpcx,2013-11-20,E:kxwelfcwc1,False
A:p1qpcx,2014-10-31,E:sp0bcklgoc,False
A:p1qpcx,2014-12-16,E:p8lk4guk3z,False
A:z7x72w,2004-12-19,E:hlcngqiiwq,False
A:z7x72w,2005-09-03,E:pu89wkwy89,False
A:z7x72w,2007-02-05,E:qc4q8w3y1o,False
A:z7x72w,2007-04-02,E:ci9ve4iz14,True
A:z7x72w,2007-07-30,E:5mshw3wdb7,False
A:z7x72w,2008-01-18,E:refryds8fc,False
A:z7x72w,2004-12-22,E:las3bka49y,False
A:z7x72w,2005-04-22,E:0x4y0hncm6,False
A:z7x72w,2007-02-01,E:2bqezyewhl,False
A:z7x72w,2007-09-25,E:sonk4pzybh,False
A:997xxg,2002-06-09,E:b0vbh7r9b1,False
A:997xxg,2003-01-19,E:0if9bggjl3,True
A:997xxg,2003-04-17,E:t9hp2p4dlk,False
A:997xxg,2004-02-25,E:by1pxq1b7c,False
A:997xxg,2004-05-13,E:anga5w9w1y,False
A:997xxg,2006-03-12,E:r1ctonmz8m,False
A:997xxg,2006-08-16,E:1l6ldb7zfg,False
A:997xxg,2008-03-15,E:4l0bprnmgv,False
A:997xxg,2008-05-26,E:rsy2xita3r,False
A:997xxg,2003-03-16,E:yxwfxhwup0,True
A:997xxg,2003-06-14,E:3c4h40kt8r,False
A:997xxg,2003-07-28,E:9ugvv4ewtx,False
A:997xxg,2003-10-06,E:ral0snccwy,False
A:997xxg,2006-02-02,E:afr29ki0ff,False
A:997xxg,2007-06-06,E:yqmnqnlpq4,False
A:997xxg,2009-01-14,E:vu6ipln0cc,False
A:32x8eq,2017-04-20,E:5y11f5uuu3,False
A:32x8eq,2015-10-08,E:49f7jqcme4,False
A:32x8eq,2016-02-25,E:23frnlnru2,False
A:32x8eq,2016-08-11,E:wu01imjlo3,True
A:32x8eq,2016-09-26,E:n57sj7f0bn,False
A:kp3wud,2010-02-22,E:ne94jzs7wg,False
A:kp3wud,2014-12-08,E:teljhpifke,False
A:kp3wud,2015-02-02,E:07yjv6j2dm,True
A:kp3wud,2009-04-29,E:7eok113wf9,False
A:kp3wud,2011-04-10,E:witx8fybex,False
A:kp3wud,2014-06-29,E:a1ktsba7o4,True
A:kp3wud,2014-07-06,E:z5tsnwji1m,False
A:kp3wud,2014-08-05,E:vtkw59ql4k,False
A:kp3wud,2014-09-28,E:pxb6f85wgg,False
A:kp3wud,2014-10-08,E:er7x1gv9yv,False
A:kp3wud,2015-07-10,E:clx1oobg5a,False
A:kp3wud,2015-08-23,E:irf5574hcp,False
A:kp3wud,2016-07-23,E:nex3beaw0f,False
A:rbie9x,2000-12-19,E:dgwjqrnnof,False
A:rbie9x,2000-12-22,E:4rnhgbmfmv,False
A:rbie9x,2001-09-24,E:zccmpny77v,False
A:rbie9x,2001-12-24,E:j5n0obbgpm,False
A:rbie9x,2002-04-07,E:dy8sme65pg,False
A:rbie9x,2002-05-14,E:dnjl461b0v,False
A:rbie9x,2004-10-24,E:snrtkpq1v2,False
A:rbie9x,2005-01-02,E:18v10czet0,False
A:rbie9x,2005-01-28,E:gxyc95nmr5,True
A:rbie9x,2007-01-01,E:ywcqo5wa2y,False
A:rbie9x,2007-01-22,E:twjbe14vkm,False
A:rbie9x,2007-05-23,E:dh083tmves,False
A:rbie9x,2007-07-13,E:rpe41lnel6,False
A:rbie9x,2008-08-09,E:y40wzdyr99,False
A:rbie9x,2001-09-19,E:jnkv6otgv2,False
A:rbie9x,2002-01-27,E:8278g785jj,False
A:rbie9x,2002-10-17,E:d23ljy80iv,False
A:rbie9x,2003-02-21,E:rn0krsfuhi,False
A:rbie9x,2004-05-05,E:ed11opr8qn,False
A:rbie9x,2005-01-28,E:d303ngsvkw,False
A:rbie9x,2005-05-30,E:5o1zj3agqt,False
A:rbie9x,2006-06-03,E:cl55ldc6nz,False
A:rbie9x,2007-04-22,E:ny10f17116,False
A:rbie9x,2007-07-05,E:av2rxfzz5q,False
A:rbie9x,2007-11-02,E:c8tslr9n99,True
A:u65cz7,2000-02-26,E:jsfk6pmwqz,False
A:u65cz7,2000-08-11,E:axvltrtk6n,False
A:ucexfa,2010-02-27,E:ls4jvpumvd,False
A:ucexfa,2010-06-28,E:h4afivkr8a,False
A:ucexfa,2012-08-28,E:lsi9c26rum,False
A:ucexfa,2013-07-24,E:m0zxzkij9w,False
A:ucexfa,2016-10-26,E:2onfg7zy64,False
A:ucexfa,2016-11-29,E:hmrz9ev3ml,False
A:ucexfa,2012-07-01,E:1ux7v4c9rc,False
A:ucexfa,2012-07-25,E:2vgxfm8box,False
A:ucexfa,2013-06-19,E:1vbyg459na,False
A:ucexfa,2014-01-24,E:weygda02be,False
A:ucexfa,2014-08-09,E:uhe3rotn8h,False
A:ucexfa,2015-10-11,E:batfuwcfas,False
A:ucexfa,2016-11-09,E:74byk7itxl,False
A:fm6dsv,2016-04-30,E:u7n9gzcb8x,False
A:yual0k,2008-06-17,E:s6jfwzwkcu,False
A:yual0k,2009-04-29,E:tyqrb63z46,False
A:yual0k,2009-10-20,E:20qgw3l9kg,False
A:yual0k,2010-07-29,E:8y1njgfznz,False
A:yual0k,2013-04-10,E:kr2cluyr2b,False
A:yual0k,2014-01-18,E:kkir4yw5y5,False
A:yual0k,2015-11-06,E:t9mhet3v55,False
A:yual0k,2016-01-27,E:gye4o5da6h,False
A:yual0k,2010-02-24,E:8qe0iq3149,False
A:yual0k,2010-08-25,E:n920z60un3,False
A:yual0k,2011-07-08,E:50zp8a0xs2,False
A:yual0k,2012-05-31,E:hmlurk82sw,False
A:yual0k,2012-06-01,E:c5pulsq4on,False
A:yual0k,2012-12-04,E:kvrc5e2oqw,False
A:yual0k,2014-06-13,E:do8sbpf17k,False
A:yual0k,2015-08-16,E:db1ge0e465,False
A:yual0k,2016-01-17,E:9ye8f2r701,False
A:yual0k,2016-04-12,E:raq4sy20kv,False
A:8frj9b,2004-11-06,E:pydisziq6b,False
A:8frj9b,2005-11-02,E:jr561c38au,False
A:8frj9b,2007-03-23,E:9gsf1dd2w8,False
A:8frj9b,2007-07-21,E:jp3sfes9ku,False
A:8frj9b,2010-06-30,E:gkr7ofs1cy,False
A:8frj9b,2010-08-21,E:qe7adsnpic,False
A:8frj9b,2011-02-17,E:y1ft3fowuu,False
A:8frj9b,2002-03-08,E:9eay4ach57,False
A:8frj9b,2002-11-16,E:va7txeyg6h,False
A:8frj9b,2003-01-18,E:ikmlrafbsu,False
A:8frj9b,2004-09-09,E:l6sdyo2mch,False
A:8frj9b,2005-01-08,E:ydj62hg1dy,False
A:8frj9b,2006-07-22,E:h9i0mnolpv,False
A:8frj9b,2006-08-02,E:0o9q34zn6i,False
A:8frj9b,2007-01-17,E:2vbwvv6vl4,True
A:8frj9b,2007-03-12,E:18rduwg4jk,False
A:8frj9b,2007-07-13,E:31y4aut6h7,True
A:8frj9b,2007-09-04,E:3fy2av7yx0,False
A:8frj9b,2007-10-04,E:py7qyeoa5k,False
A:8frj9b,2008-12-16,E:ntxofs7a97,False
A:8frj9b,2009-02-14,E:7mgzr9tlzr,False
A:8frj9b,2009-03-04,E:nzxmr07154,False
A:8frj9b,2009-06-08,E:0pix7kjefu,False
A:8frj9b,2009-06-19,E:64h7z8sqk6,False
A:8frj9b,2009-12-23,E:4m37cug0ur,False
A:t4g64b,2016-07-09,E:umvi2cmsdj,False
A:t4g64b,2013-12-01,E:93j4zjubui,False
A:t4g64b,2014-02-13,E:afb1oym8ui,False
A:t4g64b,2015-04-26,E:tgnokwheov,False
A:t4g64b,2015-10-10,E:aacscqoqux,False
A:s7m6fn,2006-02-23,E:qju9g6poeo,False
A:s7m6fn,2006-11-28,E:pko5rciybh,False
A:s7m6fn,2007-01-04,E:oqz5ajxy80,False
A:s7m6fn,2007-06-15,E:r7ufob1ggw,False
A:s7m6fn,2007-10-08,E:b6px1gy8x8,False
A:s7m6fn,2004-06-06,E:hgpwt4fdrq,False
A:s7m6fn,2005-04-13,E:sexr7d7ip3,False
A:s7m6fn,2005-05-17,E:16nndrxybi,False
A:s7m6fn,2005-09-15,E:n0stiwhwps,False
A:s7m6fn,2005-11-23,E:0dkyeypqnp,False
A:s7m6fn,2006-01-06,E:zn88rt5722,False
A:s7m6fn,2006-01-15,E:uwmh4cxjhf,False
A:s7m6fn,2006-02-11,E:ww6eruz1nw,False
A:s7m6fn,2006-04-29,E:q9b7hm0hcz,False
A:s7m6fn,2007-01-13,E:zimxit1qps,False
A:s7m6fn,2007-03-17,E:brz5nfx7tr,False
A:s7m6fn,2007-11-14,E:1qut70nsq0,False
A:2l5xk0,2015-11-25,E:eolus0hdas,False
A:2l5xk0,2017-05-12,E:4wijkixg0h,True
A:2l5xk0,2015-06-22,E:mmlrgjveg5,False
A:2l5xk0,2015-07-18,E:q6tixphe4z,False
A:2l5xk0,2016-09-30,E:mjaecnm6y5,False
A:cvgz4f,2010-06-08,E:8eqv4qxdgw,False
A:cvgz4f,2011-06-06,E:9g8b6lqhqx,False
A:cvgz4f,2011-10-07,E:k5u9m3u6qf,False
A:cvgz4f,2011-10-16,E:pgokis2q7h,False
A:cvgz4f,2012-02-17,E:2p05588wbj,False
A:cvgz4f,2012-06-07,E:olx0nj8n0h,False
A:cvgz4f,2013-02-17,E:0dngh2hva5,False
A:cvgz4f,2015-12-28,E:6a3wcuj7f0,False
A:cvgz4f,2010-10-08,E:uneywqqeol,False
A:cvgz4f,2011-07-14,E:ixd5ohlkui,False
A:cvgz4f,2011-11-15,E:qsibo6kuo1,False
A:cvgz4f,2013-06-22,E:5fn3lyjipj,False
A:cvgz4f,2013-08-17,E:p3w86faxck,True
A:cvgz4f,2014-11-28,E:k6la860v0b,False
A:cvgz4f,2015-09-04,E:m5omyfr1dm,True
A:5f368w,2002-07-14,E:0jq3qc5nw6,False
A:5f368w,2003-11-30,E:7164wbe9e4,True
A:iv4nh9,2014-03-02,E:5pfwkt9ltf,False
A:iv4nh9,2014-03-17,E:wxk85tuyz0,False
A:iv4nh9,2014-08-24,E:m9nvybhjra,False
A:iv4nh9,2014-11-17,E:fl1avf1dku,False
A:iv4nh9,2014-12-15,E:ipqg0wxo2g,False
A:iv4nh9,2016-12-21,E:thj4o23ubl,False
A:jbwut5,2006-02-06,E:r4465eemze,True
A:jbwut5,2006-10-16,E:ax19ge3md0,False
A:jbwut5,2006-12-09,E:bzutoohiav,False
A:jbwut5,2006-12-09,E:qmjcyyb61q,True
A:jbwut5,2007-05-26,E:5o1uyd59h2,True
A:jbwut5,2007-07-01,E:ggsgtxiey3,False
A:jbwut5,2008-03-04,E:hi1y0htndm,False
A:jbwut5,2008-07-20,E:0pvpgw3aqz,False
A:jbwut5,2008-09-14,E:ph0nz938jd,True
A:jbwut5,2009-01-29,E:mhu9e52der,False
A:jbwut5,2011-12-23,E:sm465cfx89,False
A:jbwut5,2012-11-24,E:sh09j3hbve,False
A:jbwut5,2013-01-23,E:ulgmw3qqf9,False
A:jbwut5,2013-05-15,E:vn3a701f97,True
A:jbwut5,2014-02-13,E:waml7wav9q,False
A:jbwut5,2006-02-06,E:nm9tokujjj,False
A:jbwut5,2006-10-13,E:w4nq3orvp6,False
A:jbwut5,2008-03-28,E:dofhh2bfny,False
A:jbwut5,2008-07-09,E:pffuyscc89,False
A:jbwut5,2010-10-16,E:rque542cll,False
A:jbwut5,2011-02-05,E:52vy0qhow1,True
A:jbwut5,2012-03-08,E:jdu2zolkt3,False
A:ewbgg3,2016-08-04,E:3b38fzpwkq,False
A:ewbgg3,2016-08-24,E:mis8vsjux7,False
A:ewbgg3,2016-10-14,E:ayxfk9s7uh,False
A:ewbgg3,2016-12-31,E:jn8z72q69d,False
A:ewbgg3,2016-08-23,E:s8dj7b9pns,False
A:ewbgg3,2016-09-02,E:csyri13s5l,False
A:sq6uz1,2008-10-10,E:cyer3q1y6w,False
A:sq6uz1,2010-08-16,E:8gyw2b8s3u,False
A:sq6uz1,2011-04-01,E:qm7rsptylc,True
A:sq6uz1,2011-05-20,E:0txhdjrovw,False
A:sq6uz1,2011-07-04,E:1afq9uq9nh,False
A:sq6uz1,2010-03-09,E:egr3q1u3kp,False
A:sq6uz1,2010-08-20,E:449gc8lfm3,False
A:sq6uz1,2011-11-09,E:pck37k41ly,False
A:sq6uz1,2011-11-26,E:fnnzfq8sm3,False
A:qpl5h9,2006-11-11,E:ot1grz6rx5,False
A:qpl5h9,2007-05-19,E:8boos55lcu,True
A:qpl5h9,2008-02-14,E:mukjafoo1b,False
A:qpl5h9,2008-08-27,E:n8jbcv4a36,False
A:qpl5h9,2009-02-03,E:cdpayf95b0,False
A:qpl5h9,2009-03-21,E:8yx6ajxhws,False
A:qpl5h9,2010-07-17,E:1pwgux8chf,True
A:qpl5h9,2010-12-27,E:018wdibwpn,False
A:qpl5h9,2006-07-02,E:wqy61ob667,False
A:qpl5h9,2006-07-13,E:3d5zq00zq4,False
A:qpl5h9,2007-01-27,E:dr98a9rhqu,False
A:qpl5h9,2007-06-27,E:94ijfhoxio,False
A:qpl5h9,2007-08-22,E:6myi5a8y8t,True
A:qpl5h9,2007-12-09,E:dbk6gjn7xc,False
A:qpl5h9,2009-07-29,E:kujyg1hstk,False
A:qpl5h9,2009-10-02,E:j08w2v4obt,False
A:qpl5h9,2009-10-10,E:zliywchb4p,False
A:qpl5h9,2010-11-09,E:32xuzggrj4,False
A:qpl5h9,2010-11-29,E:pjo3m3xnd4,False
A:qpl5h9,2011-05-19,E:0osft11m2z,False
A:q0n833,2003-05-23,E:041w0uiy01,False
A:y6xa1d,2009-04-30,E:qwmwyjsjeu,True
A:y6xa1d,2009-06-19,E:3q6hhla87p,False
A:y6xa1d,2011-03-29,E:ugtr3qzzm1,True
A:y6xa1d,2012-02-28,E:8s6z4kzoxv,True
A:y6xa1d,2012-03-28,E:7a6rikwibd,False
A:y6xa1d,2013-04-14,E:7rosdmzuum,True
A:y6xa1d,2009-07-21,E:jh5aiw3cry,False
A:y6xa1d,2010-04-27,E:2okrkadd7j,True
A:y6xa1d,2012-05-21,E:zu8e9m0kla,False
A:y6xa1d,2012-06-18,E:m5vka3o6ar,False
A:y6xa1d,2012-12-23,E:zo8j9bte68,False
A:y6xa1d,2013-07-03,E:m83yct5pio,False
A:y6xa1d,2013-11-23,E:8rhiwsjqq4,False
A:y6xa1d,2013-12-20,E:3afm0hwehq,False
A:eg6u81,2014-02-05,E:e07qz9ijfz,True
A:eg6u81,2014-06-03,E:nbiyal3pk8,False
A:eg6u81,2016-11-02,E:g76fkjdyef,False
A:eg6u81,2014-06-12,E:2ufzi1snl5,False
A:eg6u81,2014-06-14,E:twztzuewyx,False
A:eg6u81,2016-01-17,E:5dc899chmc,False
A:eg6u81,2016-03-13,E:pu05lri9ft,True
A:eg6u81,2016-10-12,E:zs6f45yrmn,False
A:eg6u81,2016-10-31,E:j82ceky7ra,False
A:eg6u81,2016-10-31,E:muxidffyqb,True
A:eg6u81,2017-03-17,E:ydp821r4l8,False
A:isdqhz,2010-10-09,E:ielaiviwhr,False
A:isdqhz,2012-10-22,E:fnpoy4mk3p,False
A:isdqhz,2013-01-24,E:f2g9dvc6uc,False
A:isdqhz,2015-06-28,E:pmktdacyp0,True
A:isdqhz,2015-08-11,E:xq3zgbe6mo,False
A:isdqhz,2011-01-24,E:dn8eldddfo,False
A:isdqhz,2012-03-16,E:yrt7pa7nvm,False
A:isdqhz,2013-04-12,E:2680pvvci0,False
A:isdqhz,2013-06-07,E:hbm95uivlf,False
A:isdqhz,2013-06-17,E:t3pv91b1wu,False
A:isdqhz,2013-07-18,E:9s6i3waeo6,False
A:isdqhz,2013-09-11,E:zm01mh0uei,False
A:isdqhz,2014-07-27,E:szpn2c6i6s,False
A:isdqhz,2016-02-28,E:kzvqyie59b,False
A:isdqhz,2017-02-17,E:2h4ebcsxqb,False
A:yg7hld,2010-04-21,E:x3484iw8r9,False
A:yg7hld,2011-12-18,E:e4gbnwgh1j,False
A:yg7hld,2012-03-30,E:vw8l872o12,False
A:yg7hld,2010-05-21,E:bovi31oo20,False
A:5v3d67,2008-01-28,E:hfggh7jw4m,True
A:5v3d67,2008-03-13,E:a7allvxxoz,False
A:5v3d67,2008-04-28,E:5qnl6hus7n,False
A:5v3d67,2008-07-23,E:20htbwjs3t,False
A:5v3d67,2007-10-07,E:s2k2qr9nc9,False
A:5v3d67,2007-11-08,E:9u3w29tnzi,False
A:5v3d67,2007-12-18,E:2hgoxy7w2j,False
A:5v3d67,2008-01-28,E:f65x8y9mbn,False
A:5v3d67,2008-02-22,E:h0bi5hvliy,False
A:5v3d67,2008-09-29,E:c4xqo1ybiw,False
A:5v3d67,2008-11-24,E:47ewgy6yox,False
A:5v3d67,2008-12-01,E:q12lxet9pn,False
A:5v3d67,2009-01-10,E:ujjei0650c,False
A:5v3d67,2009-03-22,E:enp56ilu7c,False
A:sa8l1t,2014-10-19,E:i5jb33qsfn,False
A:sa8l1t,2015-05-03,E:cwdjz0xm1e,False
A:sa8l1t,2015-09-24,E:5862astkrg,False
A:sa8l1t,2014-12-15,E:hlgm8nh6dp,False
A:uu7xqz,2009-03-19,E:4u6s9grb4r,False
A:uu7xqz,2009-04-24,E:vs53p7xyqw,False
A:uu7xqz,2009-06-03,E:vo10fjwlz5,False
A:uu7xqz,2010-06-27,E:8b4tj54myp,False
A:uu7xqz,2012-01-08,E:rqeys64di8,True
A:uu7xqz,2012-01-09,E:fpnu1rg564,True
A:uu7xqz,2009-09-26,E:zvv61esewn,False
A:uu7xqz,2010-07-05,E:02gjp6gtul,False
A:uu7xqz,2011-02-06,E:c38rgalszi,False
A:uu7xqz,2012-01-09,E:202j073gb2,False
A:1tnbap,2010-04-07,E:xoc153687g,False
A:1tnbap,2010-08-19,E:jzxa9wsy82,True
A:1tnbap,2014-03-30,E:47nvrp4vt4,True
A:1tnbap,2014-05-02,E:glqqwk8nm6,False
A:1tnbap,2014-07-03,E:0sy3tebqj2,False
A:1tnbap,2014-08-02,E:g5ynaia5ii,False
A:1tnbap,2010-02-09,E:qocmn5l74z,False
A:1tnbap,2010-08-19,E:rs5qyo9st7,False
A:1tnbap,2010-10-29,E:6k0vnkfhry,False
A:1tnbap,2011-11-20,E:kmogbmmcy8,False
A:1tnbap,2012-09-09,E:4qbmbggnm1,False
A:1tnbap,2013-04-09,E:1p0o9q99xw,False
A:1tnbap,2013-04-28,E:ewppktuuce,False
A:1tnbap,2014-11-14,E:14so1glng8,False
A:1tnbap,2015-04-24,E:rekxynxf3b,False
A:5d22ak,2012-07-30,E:tyvxhjpp3o,False
A:5d22ak,2012-07-30,E:3h6etiz5y0,True
A:5d22ak,2012-11-16,E:gugrst10bq,False
A:5d22ak,2014-10-23,E:us7e2jbmi3,False
A:5d22ak,2015-05-23,E:55adxipvs6,True
A:5d22ak,2016-04-23,E:lcdh1gjmai,False
A:5d22ak,2016-06-15,E:wn8a4l6uhg,False
A:5d22ak,2010-12-19,E:gl7sdqwhza,False
A:5d22ak,2011-11-25,E:3pwrngwxs8,False
A:5d22ak,2012-12-20,E:i89z09xvl4,False
A:5d22ak,2014-02-10,E:8sbq805gqd,False
A:5d22ak,2014-07-27,E:cc6a2jmp3h,False
A:5d22ak,2014-09-08,E:gobumc6lj6,False
A:5d22ak,2014-12-18,E:7l2cqk35px,True
A:5d22ak,2014-12-22,E:z47hmp66u1,False
A:5d22ak,2015-01-31,E:j3gj9xq8o2,False
A:5d22ak,2015-06-09,E:yyhajj367e,False
A:5d22ak,2016-05-28,E:qvx6jx7p76,False
A:rq4izr,2009-05-03,E:zs2lxxlud0,False
A:27cgf1,2010-06-25,E:w8xy4am2vo,True
A:27cgf1,2010-09-25,E:1mfbobzipw,False
A:27cgf1,2011-07-07,E:3l1u178j8y,False
A:27cgf1,2012-01-07,E:cen4zfv8d0,True
A:27cgf1,2012-06-14,E:hwowczp42p,False
A:27cgf1,2013-01-11,E:yx0l4c9upp,False
A:27cgf1,2013-09-13,E:014s4adv5i,False
A:27cgf1,2014-01-07,E:8ydqryk4wo,False
A:27cgf1,2014-04-08,E:3k0ermb9v2,False
A:27cgf1,2014-04-08,E:3mdjz07cnc,False
A:27cgf1,2010-04-30,E:fnibzl90mz,False
A:27cgf1,2010-12-25,E:ts5bf8i55b,False
A:27cgf1,2011-02-06,E:asv5kxc5f4,False
A:27cgf1,2011-02-17,E:nxhjtue5qn,False
A:27cgf1,2011-04-14,E:axaezjlo2e,True
A:27cgf1,2012-01-07,E:ihbfuhcwo3,False
A:27cgf1,2012-08-09,E:qtg8ftis94,False
A:27cgf1,2013-12-25,E:cxa0wp6ji3,False
A:1l42ro,2015-02-24,E:yv22sr78hv,False
A:1l42ro,2016-03-24,E:m3ldbwmjij,True
A:1l42ro,2014-09-09,E:6g50r6qjyz,False
A:1l42ro,2015-04-23,E:dlbt9t2ccw,False
A:1l42ro,2015-06-18,E:yash2ogdkz,True
A:1l42ro,2016-06-05,E:ei3xc4i86b,False
A:djs33h,2006-02-21,E:0jpgg13jxo,False
A:djs33h,2007-01-30,E:nhs27j5qs6,False
A:djs33h,2007-07-07,E:kuvmfp82c4,False
A:djs33h,2008-04-12,E:l930klhpo3,True
A:djs33h,2005-12-18,E:ultotbf9pe,False
A:djs33h,2007-12-22,E:j967ic78i9,True
A:djs33h,2009-07-27,E:lc00po587n,False
A:58wn0l,2013-09-18,E:rhuw7ceqo3,True
A:58wn0l,2014-03-31,E:9rxsccqrb6,False
A:58wn0l,2014-05-26,E:uhu89dmjpl,False
A:58wn0l,2013-11-13,E:zdxgemubyw,False
A:amfm62,2016-04-19,E:fstgtromu8,True
A:amfm62,2016-02-23,E:eegx7g12xo,True
A:amxwpn,2012-04-12,E:dc3nbukiok,False
A:amxwpn,2013-02-27,E:x9x1ypycey,True
A:amxwpn,2013-09-04,E:3k27dvkp6k,True
A:amxwpn,2014-01-30,E:yq7rzlwwc5,False
A:amxwpn,2014-02-10,E:25pblmdd4c,False
A:amxwpn,2017-04-24,E:zdz8p3hhgj,False
A:amxwpn,2012-05-02,E:lbq9kgea8r,False
A:amxwpn,2012-06-17,E:dzuracei5o,False
A:amxwpn,2012-11-07,E:7mv4f4qm9a,False
A:amxwpn,2013-03-15,E:dyrcficc5a,False
A:amxwpn,2013-07-10,E:f6x1rvsn09,False
A:amxwpn,2015-03-09,E:m9d20jcvk7,True
A:amxwpn,2015-09-06,E:h8x53y68u4,False
A:amxwpn,2015-10-05,E:w3ftgjad6q,False
A:amxwpn,2016-04-25,E:t0ynpc2g8q,False
A:amxwpn,2016-09-13,E:en1nkgkjvi,False
A:h9mqxr,2009-04-26,E:ue5auxy942,True
A:iqe9f9,2004-01-25,E:qtxjb19jh6,False
A:iqe9f9,2004-05-12,E:69yaaqk46g,False
A:07o72w,2016-04-15,E:nfgbgfqhnz,False
A:07o72w,2016-02-13,E:njilf2l55w,True
A:07o72w,2016-10-02,E:xufkmi3vvq,False
A:pq5sqw,2010-09-14,E:ujjqvk5x5h,False
A:pq5sqw,2011-03-02,E:yu3nfezjnl,False
A:pq5sqw,2012-03-02,E:gidkz2v3uy,False
A:pq5sqw,2012-03-23,E:evcn0an10t,False
A:pq5sqw,2012-05-18,E:eosdqjth7d,False
A:pq5sqw,2010-05-05,E:u3ggytln4y,False
A:seq8h6,2004-08-06,E:1vmaxnents,True
A:seq8h6,2005-04-04,E:nli6kzpf8m,False
A:seq8h6,2003-02-12,E:m3lqer9lgp,False
A:seq8h6,2003-12-26,E:9xuvjfj1ud,False
A:ibeldh,2016-11-18,E:o218z4p3pr,False
A:wueoac,2005-12-24,E:h4h3ekto8w,False
A:l1k1g0,2009-12-10,E:egtw6u37qn,True
A:l1k1g0,2010-04-12,E:uq6pbfnhmi,True
A:l1k1g0,2012-04-27,E:tww6n9p4qw,False
A:l1k1g0,2008-08-16,E:25vxqh2p11,False
A:l1k1g0,2008-12-10,E:ipoja0c0yf,False
A:l1k1g0,2009-01-08,E:5ktg0c482d,False
A:l1k1g0,2009-12-21,E:u3cs4depos,False
A:l1k1g0,2010-09-28,E:bh873w8b0n,False
A:l1k1g0,2011-05-15,E:ffdw3m4g0c,False
A:wd1m00,2001-01-23,E:2f4q5vawn1,False
A:wd1m00,2001-05-13,E:ki9d4uidbe,False
A:wd1m00,2001-12-08,E:iaiozp41bi,False
A:wd1m00,2004-06-22,E:o8mqxsjb46,False
A:wd1m00,2004-09-24,E:idy3fyfsr6,False
A:wd1m00,2005-03-27,E:fdyyhshso8,False
A:wd1m00,2005-06-18,E:aedpe4dz0f,False
A:wd1m00,2005-07-04,E:1rh0tgu9y7,False
A:wd1m00,2006-01-31,E:23m4zuhglv,False
A:wd1m00,2007-11-13,E:01zody1r9n,False
A:wd1m00,2008-10-18,E:tbru7nqesh,False
A:wd1m00,2000-10-11,E:vh9o1zw1r0,False
A:wd1m00,2000-10-21,E:plkria4rrm,False
A:wd1m00,2001-05-16,E:4i83sgbt56,False
A:wd1m00,2001-05-17,E:rahpy7mzc8,False
A:wd1m00,2001-09-15,E:6ody8zvnb0,False
A:wd1m00,2002-02-25,E:9uw3prnc3g,False
A:wd1m00,2002-08-13,E:5gaxw3t23w,False
A:wd1m00,2002-09-13,E:yjq8us14p7,False
A:wd1m00,2003-02-04,E:k36r7l4zj1,False
A:wd1m00,2003-12-30,E:nx9gfxj1u9,False
A:wd1m00,2004-02-28,E:osf2p8r60r,False
A:wd1m00,2004-10-11,E:pmze9dsp2q,False
A:wd1m00,2004-12-04,E:e1qink2knc,False
A:wd1m00,2005-03-16,E:ta5m8i59nw,False
A:wd1m00,2005-08-07,E:tg9jm3pzd6,False
A:wd1m00,2007-11-13,E:jtozpy2fmm,True
A:wd1m00,2008-03-04,E:xpuneifur5,True
A:6psh3n,2004-07-09,E:1rry548ut4,False
A:6psh3n,2005-03-09,E:dr7ckvnv1c,False
A:6psh3n,2005-08-27,E:v1g60pn7di,False
A:6psh3n,2006-09-03,E:8eadsfag23,True
A:6psh3n,2007-07-11,E:n9f8hd2gac,False
A:6psh3n,2007-09-20,E:73q7vvxlxo,False
A:6psh3n,2007-11-09,E:myw34gnm69,False
A:6psh3n,2008-07-21,E:w7abln87zx,False
A:6psh3n,2008-09-30,E:kuvum5vwg6,False
A:6psh3n,2004-02-09,E:im3t5fchyw,False
A:6psh3n,2004-02-10,E:1v0ewe94gm,False
A:6psh3n,2004-04-06,E:n41nj6xwvp,True
A:6psh3n,2005-07-26,E:4r1n0my3uc,False
A:6psh3n,2006-03-02,E:whfbchnidj,False
A:6psh3n,2006-07-09,E:jdbyq9vq2m,False
A:6psh3n,2006-09-03,E:i1ytn6k5dt,True
A:6psh3n,2007-02-01,E:9pmvbh7g5l,False
A:6psh3n,2007-04-12,E:lvxionl8df,False
A:6psh3n,2008-10-12,E:yiji1aoz3y,False
A:6psh3n,2009-06-27,E:olryu246fn,False
A:6psh3n,2010-05-02,E:lnqqzwcdbp,False
A:6psh3n,2011-03-22,E:ekj33bc6fy,False
A:djfvqu,2016-03-30,E:7tiwjtoiwx,True
A:djfvqu,2015-03-30,E:epxbrv26uj,False
A:djfvqu,2015-06-26,E:kd7l9oigdr,False
A:djfvqu,2015-11-03,E:ixm3214cv6,False
A:djfvqu,2016-02-03,E:tqguhxk8fg,False
A:djfvqu,2016-05-02,E:szo6siz69p,False
A:djfvqu,2016-08-14,E:cttwnqjdm7,False
A:djfvqu,2016-12-26,E:n4zedv8nut,False
A:djfvqu,2017-03-03,E:4y29u45kyi,False
A:6147qw,2000-08-14,E:ykn94yb8lb,False
A:6147qw,2000-11-19,E:tfwiyotags,False
A:6147qw,2001-08-14,E:grxbnnbohk,False
A:6147qw,2004-05-23,E:xt4v7yxrvf,False
A:6147qw,2004-11-09,E:7c9g6lrb0n,False
A:6147qw,2006-04-01,E:8hiagcpbih,False
A:6147qw,2007-01-06,E:ciiu5ee4oh,True
A:6147qw,2007-04-04,E:e7x6mqggpd,False
A:6147qw,2001-04-16,E:w2mrggb2w2,False
A:6147qw,2002-05-17,E:fxd2fcrq38,False
A:6147qw,2003-02-24,E:iav9l7rs5x,False
A:6147qw,2003-03-13,E:iypb0ok6p7,False
A:6147qw,2004-01-23,E:qqldp0hre1,False
A:6147qw,2005-05-29,E:n0mythotg9,False
A:6147qw,2005-09-26,E:ithxj4v5fo,False
A:6147qw,2005-11-09,E:hv3ip31knb,False
A:6147qw,2006-01-05,E:9v522qhfx7,False
A:c187iz,2009-09-18,E:bug8rkadh9,False
A:c187iz,2010-01-08,E:33nke69ltf,True
A:c187iz,2010-10-20,E:nm5bzues5o,False
A:c187iz,2009-03-24,E:g51wbus0ky,False
A:c187iz,2010-08-13,E:ri0vp3pzj1,False
A:c187iz,2010-12-03,E:tyq4vmi435,False
A:c187iz,2011-12-13,E:y3u4is9wif,False
A:c187iz,2012-05-06,E:6szqrgv822,False
A:c187iz,2013-05-26,E:eiqjc3a65h,False
A:c187iz,2014-01-08,E:ozob4rev2m,False
A:byzjpt,2006-12-23,E:dvpghzb15a,False
A:byzjpt,2006-12-31,E:vkd8lo6ef8,False
A:byzjpt,2007-03-18,E:xb2ctvcmim,False
A:byzjpt,2004-02-19,E:yozmejoytr,False
A:byzjpt,2006-12-23,E:o87sp0spo1,True
A:byzjpt,2007-01-14,E:e4pezvrcph,False
A:byzjpt,2007-04-09,E:h1fdeawoie,False
A:8w37lv,2011-04-11,E:910q4vsahe,False
A:8w37lv,2011-08-17,E:3nwoms4gr6,False
A:8w37lv,2011-08-29,E:h1mkjdw32e,False
A:8jxvaj,2002-08-11,E:x4k3sk883c,False
A:8jxvaj,2004-07-15,E:gcpuj11w8u,False
A:8jxvaj,2004-07-17,E:4dvhm4irmv,False
A:8jxvaj,2004-09-11,E:0noqmq7vgd,True
A:8jxvaj,2002-06-05,E:8yfs0pi57o,False
A:8jxvaj,2002-06-23,E:nhf7yoo4hf,False
A:8jxvaj,2003-11-15,E:w9sw048fik,False
A:8jxvaj,2004-03-06,E:ygkhot6q2a,True
A:8jxvaj,2004-07-01,E:wcpqb1apqm,False
A:8jxvaj,2004-10-10,E:kppamu4q7v,False
A:8jxvaj,2004-11-01,E:mfqro01bpg,False
A:8jxvaj,2004-12-08,E:qkzpkifmmx,False
A:kseupf,2005-10-15,E:dku4ilndfk,False
A:kseupf,2007-09-20,E:5aqkt1krcr,False
A:kseupf,2005-08-24,E:ipc5khsgx3,False
A:kseupf,2005-11-08,E:xn29tp3vl8,False
A:kseupf,2006-01-10,E:qm3wwad6kp,False
A:kseupf,2006-05-03,E:9sbn2apwtt,False
A:kseupf,2007-07-17,E:okhpyobubw,False
A:kdfnya,2014-09-07,E:pzlxm1gn4j,True
A:kdfnya,2015-03-29,E:n6zn6i84lv,True
A:kdfnya,2013-08-11,E:58n59jxmru,False
A:kdfnya,2015-02-20,E:ck9s5lfoh9,False
A:kdfnya,2015-03-29,E:eco5z9fc0k,False
A:kdfnya,2016-01-14,E:hbpyz8g0si,False
A:kdfnya,2016-06-30,E:ol0b1s45lv,True
A:kdfnya,2017-03-14,E:bbdvg0n29l,False
A:0omw8r,2014-04-05,E:giextdzhhc,False
A:0omw8r,2015-01-08,E:r2e7wdwzqk,False
A:0omw8r,2013-08-04,E:7cnman2ui2,False
A:0omw8r,2013-11-04,E:flkc9ddpkl,False
A:0omw8r,2015-05-11,E:uipkdrnauk,False
A:0omw8r,2015-07-29,E:4ok2lk7r50,False
A:ugx9g0,2003-04-20,E:iw67rcp869,True
A:ugx9g0,2004-12-19,E:ozungf4rg5,False
A:ugx9g0,2004-12-19,E:nlpz9exo1j,True
A:ugx9g0,2005-05-14,E:id3d787wl1,False
A:ugx9g0,2002-08-11,E:7jtscdj9th,False
A:ugx9g0,2002-09-08,E:5hm7hh5o6o,False
A:ugx9g0,2004-03-14,E:r9wku0u1xq,False
A:ugx9g0,2004-03-14,E:ec93se53xk,True
A:ugx9g0,2004-11-30,E:4ddg9eup5p,False
A:ugx9g0,2004-12-11,E:s9a70hgdhb,False
A:ugx9g0,2004-12-11,E:48cwt4umfu,True
A:ugx9g0,2005-04-10,E:5we7puf92g,False
A:a8vbzm,2015-05-15,E:wnk73deg4u,False
A:a8vbzm,2015-09-20,E:mv0q7f9hym,False
A:a8vbzm,2015-11-19,E:kmvfs2wnfj,False
A:a8vbzm,2016-09-22,E:v6knlov2tq,False
A:a8vbzm,2017-01-12,E:0j2pp9bw7e,True
A:a8vbzm,2017-05-10,E:35scyntye9,False
A:hhuqjc,2000-03-02,E:bx5o7adkb7,True
A:hhuqjc,2002-06-29,E:k6i5woa1q6,False
A:hhuqjc,2002-10-12,E:5qxqawdbxq,False
A:hhuqjc,2006-11-02,E:p0jgcxu70x,False
A:hhuqjc,2007-01-26,E:ijrnrqcqir,False
A:hhuqjc,2008-02-06,E:s2m20jc4kc,False
A:hhuqjc,2000-11-20,E:j1em4dc17r,False
A:hhuqjc,2001-04-09,E:ux1dtzfab9,False
A:hhuqjc,2001-09-02,E:f3y9z9gin7,False
A:hhuqjc,2001-10-28,E:uazazpefkd,True
A:hhuqjc,2002-04-02,E:vd15n5s0dq,False
A:hhuqjc,2002-07-13,E:aiewcoqv1q,False
A:hhuqjc,2002-07-15,E:t8bejd3wmb,False
A:hhuqjc,2002-10-18,E:w65seqmvp9,False
A:hhuqjc,2003-07-25,E:r69m5rx95n,True
A:hhuqjc,2003-08-09,E:8wbfl86q37,False
A:hhuqjc,2004-07-10,E:cupzleug8g,True
A:hhuqjc,2004-08-20,E:f4u0tro8ne,False
A:hhuqjc,2004-12-03,E:vgthdcfrnh,False
A:hhuqjc,2006-01-23,E:4iu5zdovr9,False
A:hhuqjc,2006-02-07,E:fdcw10aihv,False
A:hhuqjc,2006-03-30,E:dvr7vsuudy,False
A:hhuqjc,2007-09-07,E:zxnkr0bzgf,True
A:hhuqjc,2007-11-14,E:1vghkwe0gp,False
A:hhuqjc,2007-11-14,E:zcuupy3mlq,True
A:hhuqjc,2007-12-19,E:s4ox78iqf8,False
A:isw7vw,2004-10-19,E:jrwnee48jz,False
A:isw7vw,2004-11-18,E:mw0yqxsscl,False
A:isw7vw,2005-05-06,E:a3ixxyr8s7,False
A:isw7vw,2006-09-05,E:u5fx3kshyt,False
A:isw7vw,2008-02-03,E:mmw20l89g6,False
A:isw7vw,2008-03-22,E:noivfinq5k,False
A:isw7vw,2008-07-14,E:0fpxb8wo2r,False
A:isw7vw,2008-07-14,E:9foewyljws,True
A:isw7vw,2009-02-08,E:8fporlyzjd,False
A:isw7vw,2009-09-23,E:ie1reopaoh,True
A:isw7vw,2010-01-03,E:z41txnzw4a,False
A:isw7vw,2010-02-28,E:fuchgnjhse,True
A:isw7vw,2010-10-10,E:y9qgk52gt4,True
A:isw7vw,2013-02-08,E:lmk7v1aec3,False
A:isw7vw,2005-05-06,E:08ptzthccg,False
A:isw7vw,2006-01-04,E:pazppte6qa,False
A:isw7vw,2006-08-24,E:bf3vtznj42,False
A:isw7vw,2009-05-08,E:jwchw51eyt,False
A:isw7vw,2009-06-03,E:23azls3yvd,False
A:isw7vw,2011-03-01,E:9psb0aq2m8,False
A:isw7vw,2011-05-19,E:uyc8bf65e1,False
A:isw7vw,2012-08-07,E:ao1jqw8rqp,False
A:isw7vw,2012-09-13,E:sgeocam5qb,False
A:isw7vw,2013-02-08,E:4nrj9x0f59,True
A:ntu7wr,2002-01-31,E:i2j9nhrrrz,False
A:ntu7wr,2001-06-17,E:6nxs6izqoz,False
A:ntu7wr,2001-12-18,E:d4mkwm76ai,False
A:ntu7wr,2002-07-31,E:xvbf2msixd,False
A:yyf9h1,2010-02-15,E:1e2u9eelg2,False
A:yyf9h1,2008-10-15,E:74lf4apaiv,True
A:yyf9h1,2010-09-01,E:eaxdlk4v90,False
A:bt619v,2008-11-11,E:fumhguz5ip,False
A:bt619v,2009-06-20,E:o59kc0gehw,False
A:bt619v,2009-10-14,E:bgz2h9q5nv,False
A:bt619v,2009-12-23,E:c07lsn4vml,False
A:bt619v,2013-07-05,E:wvtzi7t2bd,False
A:bt619v,2009-10-27,E:3i8sp2c1ai,False
A:bt619v,2010-05-10,E:dbddlbijj0,False
A:bt619v,2010-12-21,E:8tsnse858i,False
A:bt619v,2011-04-12,E:0o1grapqc5,True
A:hfzjr5,2001-09-09,E:7xwadctvrr,True
A:hfzjr5,2001-10-13,E:xoxpled8xi,False
A:hfzjr5,2002-07-12,E:9ymdficnop,False
A:hfzjr5,2006-08-09,E:ycw8us31pg,False
A:hfzjr5,2006-09-23,E:3vh8jskc1p,False
A:hfzjr5,2006-10-26,E:v3f3lo3i44,False
A:hfzjr5,2007-01-17,E:j05cqizll1,False
A:hfzjr5,2007-07-14,E:752ct901i4,False
A:hfzjr5,2007-11-12,E:8lvgpeqo7p,False
A:hfzjr5,2007-12-30,E:su4lq7dw1q,False
A:hfzjr5,2002-01-19,E:7eqmo3gwuk,False
A:hfzjr5,2002-02-01,E:2a54lp07lv,False
A:hfzjr5,2002-05-06,E:kwau6lwa3y,False
A:hfzjr5,2004-09-06,E:1d4mf84kmg,False
A:hfzjr5,2004-09-18,E:h1tp5x4mz1,False
A:hfzjr5,2004-12-31,E:jynl5ll1z5,False
A:hfzjr5,2007-06-19,E:amit9325oj,False
A:hfzjr5,2008-11-01,E:n2wqn5d549,False
A:lmbd5f,2002-02-05,E:ckqj3nsp6t,True
A:lmbd5f,2003-04-12,E:eng7yxcrer,False
A:lmbd5f,2002-07-08,E:bxbo8ddkp1,False
A:hozblw,2011-12-10,E:couu1rtaaa,False
A:hozblw,2012-07-21,E:ys51vgs9de,True
A:hozblw,2010-09-28,E:8qgqp9ywwp,False
A:hgtwjl,2015-02-20,E:vferxn710b,False
A:hgtwjl,2015-11-30,E:3ljcoiv35r,False
A:hgtwjl,2016-03-02,E:1ax2ywn5hl,False
A:9f897g,2002-07-30,E:5q9qcdbrl4,False
A:9f897g,2002-04-20,E:fj9es6163r,False
A:9f897g,2002-05-11,E:osrfsn1nff,False
A:9f897g,2002-06-23,E:8raohe5izn,False
A:iavlyf,2010-09-22,E:kmf1sbf0do,True
A:iavlyf,2011-02-21,E:0qr9fn9ogl,False
A:iavlyf,2011-07-05,E:mrvtot3exp,False
A:iavlyf,2012-10-29,E:o8b20vj0gt,False
A:iavlyf,2013-02-14,E:asfc89pwlo,False
A:iavlyf,2009-10-21,E:q0ch737a7i,False
A:iavlyf,2013-01-21,E:wnszdb9h9b,False
A:iavlyf,2013-08-28,E:roeh71qz4e,False
A:iavlyf,2014-04-09,E:xfbbcx09jo,True
A:iavlyf,2014-05-04,E:zbohtdoti4,False
A:xrkuva,2000-07-04,E:xn44mozivg,False
A:xrkuva,2002-12-27,E:7a3bwgjtp3,False
A:xrkuva,2003-01-11,E:boshbexo3n,False
A:xrkuva,2003-04-15,E:d5gyyko1nl,False
A:xrkuva,2003-09-12,E:qv3atgggjs,False
A:xrkuva,2000-09-09,E:71ecv9zfta,False
A:xrkuva,2001-10-06,E:0o6p5mltfi,True
A:xrkuva,2002-05-18,E:y4k3uvw2zw,False
A:xrkuva,2003-04-05,E:ptaj1qj3rf,False
A:10qqix,2002-06-18,E:ibtcm66ezr,False
A:10qqix,2003-04-03,E:hjbjqtmzee,False
A:10qqix,2003-05-24,E:0uq1s4srgz,False
A:10qqix,2003-12-02,E:4ktanqe2sy,False
A:10qqix,2005-02-22,E:1hielalgzz,True
A:10qqix,2002-04-13,E:pqte2bphm7,False
A:10qqix,2003-01-06,E:lop1axlxf3,False
A:10qqix,2003-03-03,E:jzslgq3sh8,True
A:10qqix,2005-10-08,E:lva2ags0k1,False
A:10qqix,2005-12-03,E:kq13wvzw8p,True
A:10qqix,2006-05-20,E:hs4okcb6ak,True
A:m1hm7v,2010-06-23,E:pgqa8wza4y,False
A:m1hm7v,2010-10-15,E:anioiytyms,False
A:m1hm7v,2010-12-10,E:78nfvob1fk,True
A:m1hm7v,2016-12-26,E:xot2isak7p,False
A:m1hm7v,2011-07-23,E:1xjiaqb5j9,False
A:m1hm7v,2011-09-30,E:ttgrix27bc,False
A:m1hm7v,2012-08-06,E:xx1mldb0bo,False
A:m1hm7v,2013-07-18,E:ojg4mfz57e,False
A:m1hm7v,2014-09-19,E:gorefcw7e2,False
A:m1hm7v,2015-08-06,E:d3uqlrzsjo,False
A:m1hm7v,2015-10-01,E:nilwk5l7xh,False
A:m1hm7v,2016-06-11,E:9x6nny7bo8,False
A:m1hm7v,2016-06-29,E:ym8h8dnj7e,False
A:m1hm7v,2016-10-16,E:fq7j89ao2a,False
A:ke4wq7,2002-11-08,E:9n30o0ztl5,True
A:ke4wq7,2003-11-01,E:1gpplynije,False
A:ke4wq7,2000-12-17,E:62quzlbr86,False
A:ke4wq7,2001-10-12,E:lzlfios1je,False
A:ke4wq7,2003-12-11,E:8w4pl7y6eq,False
A:ke4wq7,2003-12-16,E:ybgdu3031g,False
A:ke4wq7,2003-12-21,E:cknpyplen6,False
A:ke4wq7,2004-07-28,E:jffd3afjiu,False
A:zaou0a,2011-10-14,E:8wz3bza0l8,False
A:zaou0a,2011-11-05,E:yo03v6g7zd,False
A:zaou0a,2012-02-24,E:mvyarg7gob,False
A:w9zka1,2014-08-03,E:d8wdh7m03s,True
A:1xy43l,2016-12-02,E:4jocxkror4,True
A:utmki6,2013-11-16,E:thkxmzg1xa,False
A:utmki6,2014-02-18,E:b5h8nhkrod,False
A:utmki6,2015-06-07,E:eu5i8brsor,True
A:utmki6,2015-09-05,E:su6klm23hz,False
A:utmki6,2015-09-05,E:a3e2ekk1m8,True
A:utmki6,2015-09-17,E:0e50gd1z4x,False
A:utmki6,2014-03-22,E:ac86nllujp,False
A:utmki6,2014-09-04,E:5xrhn59b80,False
A:utmki6,2015-02-15,E:bcp6eb5lk9,False
A:utmki6,2015-02-15,E:vmnuevpecf,True
A:utmki6,2015-06-28,E:kqq4m5ncyo,False
A:utmki6,2015-11-12,E:y0s5j3h8js,True
A:uhmo5w,2006-07-11,E:2tr0f89xbd,False
A:uhmo5w,2007-05-04,E:yquprnf1j2,False
A:uhmo5w,2007-08-24,E:gbxoo84yze,True
A:uhmo5w,2007-09-16,E:hwisnz59we,False
A:uhmo5w,2011-04-11,E:6xf5and3h9,True
A:uhmo5w,2011-06-06,E:qat74w72us,True
A:uhmo5w,2012-05-12,E:p800rkfu3p,False
A:uhmo5w,2012-10-03,E:6aj7xvhniz,False
A:uhmo5w,2013-08-09,E:eb8061bhcg,False
A:uhmo5w,2014-07-24,E:71k1vhehbd,False
A:uhmo5w,2006-06-22,E:gtmigy4y8w,False
A:uhmo5w,2007-03-20,E:kwf28j8xm7,False
A:uhmo5w,2007-11-11,E:ubyidwdp4y,True
A:uhmo5w,2009-10-25,E:8q16qpekwa,False
A:uhmo5w,2010-03-15,E:758z83mb7t,False
A:uhmo5w,2011-06-17,E:3bb83efsor,False
A:uhmo5w,2012-10-21,E:h8g33819f8,False
A:uhmo5w,2012-11-02,E:yh6ezcoxny,False
A:uhmo5w,2013-02-19,E:e96dcq84iu,False
A:uhmo5w,2013-08-05,E:orb07w6tg0,False
A:jqy7o1,2012-08-21,E:ro885k3r81,True
A:jqy7o1,2013-11-16,E:cp2z1rj1dn,True
A:jqy7o1,2012-04-02,E:ue875in5dw,False
A:jqy7o1,2012-08-21,E:syi43e2mz5,False
A:jqy7o1,2012-08-21,E:dw4e3vjztw,True
A:jqy7o1,2012-11-23,E:leezzb6fjo,False
A:jqy7o1,2013-11-16,E:72ujuhtsjz,False
A:jqy7o1,2013-12-22,E:yog04rvked,False
A:jqy7o1,2014-04-13,E:jlypnc2ip8,True
A:gbz637,2004-05-05,E:t8menrj79e,False
A:gbz637,2004-05-16,E:76nqt3krao,False
A:gbz637,2005-01-05,E:bvbbxjeu30,False
A:gbz637,2006-04-25,E:5m2z46bhqy,False
A:gbz637,2006-05-10,E:dv5avgxnyu,False
A:gbz637,2006-10-26,E:0lacyrq9xr,False
A:gbz637,2007-02-21,E:lidfmcg7c6,False
A:gbz637,2007-06-24,E:ec9i6i1b4i,False
A:gbz637,2004-03-06,E:arbtsgzd1f,False
A:gbz637,2004-10-14,E:666vqvd8qs,False
A:gbz637,2004-12-16,E:4b9qq6b73r,False
A:gbz637,2005-08-25,E:warleeysrx,False
A:gbz637,2006-07-05,E:26nujmbysa,True
A:gbz637,2006-10-17,E:zjmefbctg5,False
A:gbz637,2007-02-03,E:50jq2reamv,False
A:gbz637,2008-02-05,E:iltz9xz9zp,False
A:28e3n9,2016-11-04,E:5izq0ojdxs,False
A:28e3n9,2016-09-23,E:c0bwuode1e,False
A:28e3n9,2016-12-20,E:2yixwnyizo,False
A:9f3enb,2016-08-17,E:nnxumzoaao,False
A:9f3enb,2016-11-24,E:x6k1w02u4n,False
A:9f3enb,2017-05-27,E:vjngdm557z,False
A:y2t82w,2002-01-29,E:dl0ee07h1c,True
A:y2t82w,2002-09-22,E:20an1mcwkw,False
A:y2t82w,2003-09-25,E:0jah8m9531,False
A:y2t82w,2008-05-27,E:mzuc2cz16r,False
A:y2t82w,2001-02-27,E:cyozeammkc,False
A:y2t82w,2006-08-24,E:sjvj2h3y19,True
A:y2t82w,2006-11-24,E:1ex1913iju,False
A:y2t82w,2008-01-17,E:r9xd1x56s5,False
A:4dos97,2001-01-19,E:ihjp8wctq2,False
A:4dos97,2002-03-30,E:feeh6qhwiw,False
A:4dos97,2002-08-17,E:kf3r8hx9c4,False
A:4dos97,2002-12-17,E:0ib37t3q41,False
A:4dos97,2003-03-02,E:d2gqy3mwcv,False
A:4dos97,2003-07-22,E:76uz75a7sk,False
A:4dos97,2004-05-02,E:2ureoeunkx,False
A:4dos97,2004-12-01,E:htkoxfov4d,False
A:4dos97,2004-12-07,E:u32qwxmpaa,False
A:4dos97,2005-03-05,E:bv2s93f5fg,False
A:4dos97,2005-05-01,E:h2chmwz99n,False
A:4dos97,2005-05-23,E:qrw8kqwuwy,True
A:4dos97,2006-07-04,E:ra9ndszaz0,False
A:4dos97,2007-03-22,E:mzwbnejmny,False
A:4dos97,2000-08-11,E:yhppf8ux12,False
A:4dos97,2000-10-12,E:kds12fi322,False
A:4dos97,2000-11-07,E:u2u9ycpdds,False
A:4dos97,2000-12-07,E:ox2zhn2dmd,False
A:4dos97,2001-01-19,E:4fh4vapr3v,False
A:4dos97,2001-03-04,E:jo1rxrw1ii,False
A:4dos97,2001-04-13,E:w8pe6kg4e5,False
A:4dos97,2001-09-15,E:qp9zpbnal2,False
A:4dos97,2002-01-26,E:8zkrsiui00,False
A:4dos97,2002-08-08,E:43fn4iq3gv,False
A:4dos97,2002-08-16,E:dqfhb9fr28,False
A:4dos97,2002-12-04,E:qtf5wh1mwt,False
A:4dos97,2003-02-13,E:h0ii4od0ni,False
A:4dos97,2003-03-14,E:jk93lg0p8h,False
A:4dos97,2003-08-09,E:op69adn14n,False
A:4dos97,2003-08-12,E:nm7mgfca5x,False
A:4dos97,2004-08-06,E:sfsaauouwl,False
A:4dos97,2004-09-13,E:xr57gws9p7,False
A:4dos97,2004-10-27,E:yx8w0bjpn7,False
A:4dos97,2005-05-23,E:33z4xrlhd1,False
A:4dos97,2005-11-29,E:mgegcdkqls,False
A:4dos97,2006-09-17,E:9y44l81lsy,False
A:4dos97,2006-10-15,E:7vsvlajq1u,False
A:4dos97,2006-10-17,E:sd1qyqbqop,False
A:ux1nsb,2001-09-26,E:4lukoc5lnn,False
A:ux1nsb,2002-04-15,E:a26l9krqzm,False
A:ux1nsb,2002-06-12,E:963rx693yq,False
A:ux1nsb,2003-05-05,E:sflrag9i7s,True
A:ux1nsb,2004-02-09,E:m2o2de6c4s,True
A:ux1nsb,2005-05-31,E:j2llnb56y7,False
A:ux1nsb,2006-02-18,E:gyhq2bdo41,False
A:ux1nsb,2002-11-18,E:bb51s3meq9,False
A:ux1nsb,2006-03-10,E:z4viama2ze,False
A:ux1nsb,2007-09-13,E:5ud8q77k0r,False
A:ux1nsb,2007-10-21,E:zgtygfkhyy,False
A:fyvrhw,2010-12-30,E:9zqfni2nuf,True
A:fyvrhw,2011-06-27,E:zihum5mdv6,False
A:ii3vcg,2016-01-24,E:ukfpjw8l0m,True
A:ii3vcg,2016-12-02,E:tcgsb4l2au,False
A:ii3vcg,2016-07-05,E:1picozeatb,False
A:ii3vcg,2016-10-13,E:9drspcd3bd,False
A:ii3vcg,2017-02-27,E:ypn1k9a7jf,False
A:ii3vcg,2017-05-01,E:84tp88o7f3,False
A:0prdc5,2009-06-10,E:2af0y1l7ln,False
A:0prdc5,2009-07-29,E:nwjxe4k7b7,False
A:dhbjm7,2010-12-24,E:09eft285nm,False
A:dhbjm7,2011-03-24,E:kxwffjht4r,False
A:dhbjm7,2012-12-16,E:mvw3folk2e,True
A:dhbjm7,2013-05-09,E:n1irriqq8i,False
A:dhbjm7,2013-06-27,E:cdchpppzil,False
A:dhbjm7,2010-08-24,E:nd5rtabtxo,True
A:dhbjm7,2011-01-31,E:s6ko68lnnv,False
A:dhbjm7,2011-12-02,E:fwxkion372,False
A:dhbjm7,2012-05-12,E:cf345impgs,False
A:dhbjm7,2012-06-18,E:p6ek4bhkzs,False
A:dhbjm7,2012-10-21,E:yxxy1qyzxj,False
A:u8uma6,2003-01-28,E:7zfm1v559d,False
A:u8uma6,2003-04-08,E:1h8by581b0,False
A:u8uma6,2004-04-07,E:87a32pejla,False
A:u8uma6,2004-09-27,E:3nh4sqc3ye,False
A:u8uma6,2006-06-27,E:o1bsrrxs8b,False
A:u8uma6,2006-06-27,E:fms3v3hdjh,False
A:u8uma6,2006-11-21,E:u9pbaz65gr,False
A:u8uma6,2007-04-28,E:sniso04td7,False
A:u8uma6,2007-10-09,E:qi2th9g0b6,False
A:u8uma6,2007-11-28,E:ngjb1nzlxg,False
A:u8uma6,2008-01-05,E:z4jfcl41hq,False
A:u8uma6,2009-04-17,E:a65bjk3is9,False
A:u8uma6,2009-08-27,E:frs2d6ybil,False
A:u8uma6,2002-11-27,E:vhetgwgl3u,False
A:u8uma6,2003-06-25,E:hhwm5fj01x,False
A:u8uma6,2004-07-10,E:4q5ndzkm02,False
A:u8uma6,2004-09-14,E:unsbyheyyb,False
A:u8uma6,2005-11-01,E:xdki5421iw,False
A:u8uma6,2006-03-04,E:ysvq0okbqi,False
A:u8uma6,2006-03-21,E:00upluec0z,False
A:u8uma6,2006-10-19,E:uq8xcf70k3,False
A:u8uma6,2006-12-15,E:t5qpy7tumk,False
A:u8uma6,2007-12-19,E:bgp8mcpo73,False
A:u8uma6,2008-03-18,E:6rd52zlu1r,False
A:u8uma6,2008-06-20,E:7tcl4q8z3a,False
A:u8uma6,2008-08-28,E:7071zbswmi,False
A:u8uma6,2008-11-13,E:e24k8nyxhf,False
A:u8uma6,2009-02-27,E:iiz6y4xxmv,False
A:u8uma6,2009-03-06,E:eg3ql5mqjm,False
A:u8uma6,2009-09-27,E:7f2ohxl0pk,False
A:u8uma6,2009-11-24,E:lrkwf3egrm,False
A:u8uma6,2010-02-22,E:627jfs8ke2,False
A:u8uma6,2010-10-31,E:v5qjicdjmr,False
A:5kblgy,2010-03-15,E:0z2rwywbgq,True
A:5kblgy,2010-08-30,E:uww86txsop,True
A:5kblgy,2010-09-13,E:l9f97hv4fe,False
A:5kblgy,2012-02-19,E:dr910s9jr3,False
A:5kblgy,2012-02-22,E:b3lsomz3yg,False
A:5kblgy,2009-04-27,E:uefkfoklev,True
A:5kblgy,2009-08-03,E:1oiqu3mfhz,False
A:5kblgy,2010-09-20,E:29e281y9u3,False
A:5kblgy,2011-01-29,E:lxm242wg43,False
A:5kblgy,2015-12-08,E:s3e55lnivy,False
A:5kblgy,2016-01-06,E:akgt21m33z,False
A:5kblgy,2016-01-19,E:r4n4fknprh,False
A:65alcr,2012-11-29,E:tx3u7jhbpt,False
A:65alcr,2014-10-30,E:e9unb08fix,False
A:65alcr,2014-12-28,E:dabdjszg7o,False
A:65alcr,2016-09-16,E:tq8hzam8yg,False
A:65alcr,2016-09-16,E:3gyrjb2bjz,True
A:65alcr,2016-11-11,E:0i7k9xi2dd,True
A:65alcr,2012-02-27,E:egrwfkem9g,False
A:65alcr,2013-04-21,E:zsblvtcino,False
A:65alcr,2014-06-26,E:sw817byapb,False
A:65alcr,2014-06-29,E:vli6o957l0,False
A:65alcr,2015-07-02,E:qqtn9u2r0d,False
A:65alcr,2015-10-16,E:urk0dldf8j,False
A:65alcr,2016-01-30,E:wld2wmn8z5,False
A:65alcr,2017-01-19,E:ehijgnuqzp,False
A:6j4gex,2006-03-07,E:3bkqz3a4yu,True
A:6j4gex,2006-05-15,E:5xlc1a67xu,False
A:6j4gex,2006-03-07,E:7959oqq6sp,False
A:6j4gex,2006-03-27,E:6752uh2f6a,False
A:6j4gex,2006-05-20,E:ya7w43045i,False
A:596tbv,2015-11-08,E:43b063gg06,False
A:596tbv,2016-02-13,E:hwftwlf9nq,False
A:596tbv,2016-12-08,E:p394e5u2nb,False
A:4gis2a,2011-02-15,E:ler7gjiwv2,True
A:4gis2a,2012-06-15,E:5kbzzxdl5q,False
A:4gis2a,2012-12-22,E:hb6kkztgaw,False
A:4gis2a,2010-08-31,E:bw2t0pl9is,False
A:4gis2a,2011-10-31,E:levvwpvern,False
A:4gis2a,2012-05-21,E:4v5m1w0ww2,False
A:xx5sxp,2016-11-11,E:nucddxl2jc,False
A:xx5sxp,2016-11-28,E:cn2q3byl2s,False
A:xx5sxp,2017-04-21,E:s2fw3a2xdv,False
A:xx5sxp,2017-01-19,E:fle61fkqs7,False
A:xx5sxp,2017-01-22,E:atxp4lwoko,False
A:mll4rx,2017-02-28,E:ixh7pxes2k,False
A:93pqxt,2005-02-06,E:tt6ytsrb6e,True
A:93pqxt,2005-04-20,E:nwn17ko5tp,False
A:93pqxt,2006-05-06,E:vedzmdn673,False
A:93pqxt,2004-05-02,E:pdok1127vh,False
A:93pqxt,2005-11-19,E:2npg8w3blf,False
A:93pqxt,2007-10-05,E:b419ppevge,False
A:93pqxt,2008-06-28,E:vj9vqnrutv,False
A:93pqxt,2008-08-07,E:8wmpol3brz,False
A:93pqxt,2008-10-18,E:b2ncmce0pm,False
A:93pqxt,2008-10-18,E:pnu0edg073,True
A:93pqxt,2008-10-18,E:u4qwblgd3x,True
A:93pqxt,2009-02-11,E:iv4wwahu5c,False
A:ptj6nq,2014-08-30,E:1mjfkdc46g,False
A:ptj6nq,2015-04-11,E:cu1zlrvfyv,True
A:ptj6nq,2016-01-31,E:qf9ucxy35z,False
A:ptj6nq,2016-09-25,E:hbzi1pegm9,False
A:ptj6nq,2016-12-19,E:gvgnz1macw,False
A:d35qlz,2012-11-02,E:74i94a34ho,True
A:d35qlz,2012-11-27,E:6th2931vei,False
A:d35qlz,2013-02-01,E:4xej9m2ulv,False
A:d35qlz,2013-10-13,E:dzpd9modlb,False
A:d35qlz,2014-02-09,E:c0jvdsdtuu,False
A:d35qlz,2016-11-09,E:1yje3242qp,False
A:4anwnm,2002-12-06,E:8exdsotzp4,False
A:4anwnm,2003-09-01,E:evgw3v47ba,False
A:4anwnm,2004-01-29,E:303566iwvz,False
A:4anwnm,2005-05-19,E:dtml5vprkr,False
A:4anwnm,2008-01-17,E:npevg5maxo,False
A:4anwnm,2001-06-03,E:hxkq14hrdv,False
A:4anwnm,2002-11-09,E:ihv45dcnha,False
A:4anwnm,2002-12-19,E:hglq8w6f7q,False
A:4anwnm,2005-01-28,E:qz6s0abryx,False
A:4anwnm,2005-04-18,E:92hvjgup3k,False
A:4anwnm,2005-07-20,E:oyw42n39u3,False
A:4anwnm,2006-01-16,E:jk4wp7lvy8,False
A:4anwnm,2008-04-21,E:hoo6tkc4y6,False
A:4anwnm,2009-04-10,E:h3pk9vs3fw,False
A:4anwnm,2009-12-13,E:tl7e6fgs8r,False
A:hkztyi,2015-05-21,E:769qf3wk5i,True
A:hkztyi,2017-01-10,E:dkvlc5xyuh,True
A:hkztyi,2015-06-30,E:gmqyxzpd0d,False
A:hkztyi,2017-05-04,E:e3fty8ojhk,False
A:g387mk,2000-05-07,E:ibxauuz4nl,False
A:g387mk,2001-02-07,E:40enakacew,False
A:g387mk,2000-11-23,E:ofvnxslx45,False
A:g387mk,2001-06-28,E:q72zg0w63p,False
A:g387mk,2002-04-24,E:012tsehwe0,False
A:g387mk,2002-06-08,E:c6gw0q1yjv,False
A:g387mk,2002-10-10,E:smgj42foic,False
A:o8ffph,2004-02-09,E:yrhxe2fbfw,False
A:o8ffph,2006-03-12,E:82019cuk3a,False
A:o8ffph,2006-06-03,E:dv2gat3g1i,False
A:o8ffph,2004-03-15,E:a407j4olcb,False
A:o8ffph,2005-07-04,E:6adttbi6pd,False
A:o8ffph,2006-01-02,E:ejw77mt4ce,False
A:o8ffph,2006-03-09,E:tog4pbmied,False
A:o8ffph,2006-07-15,E:mx3kx71g8q,False
A:o8ffph,2006-08-30,E:vd2ekrx9sf,False
A:p403bm,2015-04-12,E:ubt785fnzr,False
A:p403bm,2015-09-05,E:7jff5dt78m,False
A:ud4mai,2010-08-06,E:jjy6tn50l6,False
A:ud4mai,2012-11-04,E:vvgcampecm,False
A:ud4mai,2013-12-06,E:6dwpq70407,False
A:ud4mai,2015-10-17,E:zghd2wx2g6,False
A:ud4mai,2015-12-12,E:5fjizrjq0p,True
A:ud4mai,2016-12-08,E:0kuzvhxdut,False
A:ud4mai,2017-02-04,E:a0ur50ljk2,False
A:ud4mai,2010-08-06,E:eg11cgmh6h,True
A:ud4mai,2011-01-21,E:gsx7xr7zba,False
A:ud4mai,2011-04-13,E:we661x5v9l,False
A:ud4mai,2011-05-07,E:wi6bwqxsr4,False
A:ud4mai,2012-02-02,E:ntfl3vyxb3,False
A:ud4mai,2013-08-18,E:e7px936u8y,False
A:ud4mai,2013-10-25,E:64nznkqfpd,False
A:ud4mai,2014-05-01,E:9dmwyjwu36,False
A:ud4mai,2014-09-30,E:594p2ilpb0,False
A:ud4mai,2015-10-12,E:bsuvwm7g1t,False
A:rd3kvr,2007-10-22,E:89ppf8a3xb,False
A:rd3kvr,2008-01-15,E:a2l2at0az7,False
A:rd3kvr,2008-02-06,E:jdod2slzu0,False
A:rd3kvr,2008-06-23,E:h8qvj9eqr4,False
A:rd3kvr,2009-08-23,E:7iobz6kj2b,True
A:rd3kvr,2009-10-19,E:busm30fpk1,False
A:rd3kvr,2010-05-04,E:zwm8tf70i3,False
A:rd3kvr,2013-06-11,E:6c5b1n742r,True
A:rd3kvr,2009-04-25,E:m9mvipv1kg,False
A:rd3kvr,2009-05-03,E:20fnd7n69m,False
A:rd3kvr,2009-12-07,E:so29fv1llg,False
A:rd3kvr,2010-01-26,E:b4ws2bcjwr,False
A:rd3kvr,2011-05-23,E:6briz4iecu,False
A:rd3kvr,2011-06-02,E:nxt6ex8yo4,False
A:rd3kvr,2013-02-19,E:a6rcx6f871,False
A:rd3kvr,2013-12-13,E:ruikgmq53e,False
A:rd3kvr,2014-02-07,E:5b67cvys0e,True
A:99jocu,2016-12-15,E:uk8cxts1tq,False
A:99jocu,2017-04-06,E:wjn5sj3twj,True
A:vfoyu9,2013-03-24,E:s3c7dvt3wv,False
A:vfoyu9,2013-07-02,E:fpjq16jaow,False
A:vfoyu9,2012-12-24,E:dzc8r9rccl,False
A:vfoyu9,2013-07-02,E:kcozbiu8sx,False
A:vfoyu9,2013-10-21,E:6l4g3taj5r,False
A:vfoyu9,2014-02-08,E:djr6adv4cr,False
A:g7guie,2009-09-28,E:xafjn5sea0,False
A:g7guie,2010-09-18,E:lrdz8gua30,False
A:g7guie,2012-04-05,E:yzmx3z2u65,True
A:g7guie,2012-04-20,E:dfu5psnvqw,False
A:g7guie,2009-10-12,E:0tjrkdwafq,False
A:g7guie,2011-12-22,E:8owi4555sa,False
A:g7guie,2012-02-09,E:87q39ka9mf,False
A:g7guie,2012-11-12,E:flpsbzb0at,False
A:g7guie,2013-02-23,E:af9414v56x,False
A:g7guie,2013-02-28,E:xk4vmckksu,False
A:n60kxj,2006-05-08,E:anvsb8rz61,True
A:n60kxj,2007-12-11,E:iv53ypgoui,True
A:n60kxj,2005-09-26,E:9ppnrbdel4,False
A:n60kxj,2007-03-06,E:vxt3tsu3mb,False
A:n60kxj,2009-10-13,E:igll4mp4oy,True
A:n60kxj,2009-11-27,E:954xyv70pu,False
A:n60kxj,2010-03-01,E:8zq3p154ui,False
A:qhj28a,2009-12-11,E:lrhe6ziw5h,False
A:qhj28a,2010-12-23,E:8ppp4rhsd5,False
A:qhj28a,2011-11-30,E:2wkfqqlbko,False
A:qhj28a,2012-01-01,E:rl7gvflstm,False
A:qhj28a,2012-06-02,E:6qhwv3vji9,False
A:qhj28a,2012-07-28,E:pcpy899y7t,True
A:qhj28a,2008-12-07,E:fhb7yuh1fq,False
A:qhj28a,2009-01-27,E:rbfm4pky30,False
A:qhj28a,2009-11-03,E:uivmdwj8ey,True
A:qhj28a,2010-01-16,E:uxyir7b251,False
A:qhj28a,2010-01-21,E:hz4c6tp8wf,False
A:qhj28a,2010-05-17,E:rqvkoqxkqx,False
A:qhj28a,2010-07-05,E:wtzx7b0xhw,False
A:qhj28a,2011-12-15,E:xpgtlc8az4,False
A:qhj28a,2012-04-17,E:fhtgd2ur95,False
A:lj5dfr,2002-11-09,E:z8ump6q9ei,False
A:lj5dfr,2003-06-20,E:4prchu6fse,False
A:lj5dfr,2003-08-13,E:paq1a97y9b,False
A:lj5dfr,2003-08-13,E:zynvyyfwye,True
A:lj5dfr,2004-08-27,E:9h70nbb5xl,False
A:lj5dfr,2006-04-23,E:kqebq5ydaw,False
A:lj5dfr,2008-03-28,E:y8j1g440w4,False
A:lj5dfr,2008-06-19,E:oce0i4wxt1,False
A:lj5dfr,2002-11-06,E:uut12sch8s,False
A:lj5dfr,2002-11-20,E:vopugmua0p,False
A:lj5dfr,2002-11-21,E:23lh54gw91,False
A:lj5dfr,2003-08-13,E:lbdq09x5zg,True
A:lj5dfr,2004-09-04,E:vmtuh26egc,False
A:lj5dfr,2005-06-11,E:9og0qcvk6q,True
A:lj5dfr,2007-10-13,E:10shxl12p3,False
A:lj5dfr,2007-11-23,E:on89vrvrg1,False
A:lj5dfr,2008-01-07,E:8oi67brlg7,False
A:lj5dfr,2008-02-18,E:nuw97zwzzp,False
A:lj5dfr,2008-07-27,E:czxyvhrfmz,False
A:lj5dfr,2008-07-27,E:4d5wy3gpgg,False
A:e0ozr4,2005-03-03,E:4k657360xz,False
A:e0ozr4,2005-03-03,E:nzdxm8jio0,True
A:e0ozr4,2005-04-29,E:2s89ahjy75,False
A:e0ozr4,2006-10-07,E:cmgx07gb19,False
A:e0ozr4,2007-05-27,E:royegy72f9,False
A:e0ozr4,2007-07-05,E:a54z617yh4,False
A:e0ozr4,2007-07-18,E:jqyo9nk0rv,False
A:e0ozr4,2007-09-12,E:lrynnpya8a,True
A:e0ozr4,2008-10-20,E:q7y1eqxu9e,False
A:e0ozr4,2009-10-15,E:g759tef1ob,True
A:e0ozr4,2000-12-27,E:rw5f7lcw7k,False
A:e0ozr4,2001-12-03,E:hdxcd2kiys,False
A:e0ozr4,2002-12-13,E:i0il0dsf3a,False
A:e0ozr4,2002-12-13,E:8og4dq19ku,True
A:e0ozr4,2003-01-02,E:gv9n4juznu,False
A:e0ozr4,2003-10-26,E:aoje89fqc4,False
A:e0ozr4,2004-03-01,E:citgdmng5p,False
A:e0ozr4,2005-07-12,E:hbycr4j76h,False
A:e0ozr4,2009-03-02,E:p4kc0sgxcn,False
A:e0ozr4,2009-06-25,E:8gtx8dcgcg,False
A:zntvay,2001-06-29,E:3au1t05cgq,False
A:zntvay,2001-01-01,E:bbhbqt4au1,False
A:zntvay,2001-11-26,E:0mb9fxiwzv,False
A:zntvay,2002-07-30,E:9ap7nmcap2,False
A:zntvay,2002-10-03,E:newb18sb6e,False
A:hz5m2x,2002-11-05,E:djqzbzmujs,False
A:hz5m2x,2002-11-17,E:uuei2ggh6s,False
A:yzlbfd,2007-12-17,E:eag8aixcjq,True
A:yzlbfd,2009-07-14,E:9gpudl1b5d,False
A:yzlbfd,2008-04-11,E:ssun3dtyuz,False
A:yzlbfd,2008-05-07,E:hyftj79wd8,False
A:yzlbfd,2009-07-02,E:8q1qgy43pe,False
A:yzlbfd,2009-09-11,E:14gdtlb9dy,False
A:pzplvv,2000-06-27,E:jcr2kde7op,False
A:pzplvv,2001-03-25,E:c3gmrncie3,False
A:pzplvv,2001-05-20,E:u8hat42j7v,True
A:pzplvv,2000-06-27,E:b9hbi3eh7c,True
A:pzplvv,2000-07-29,E:edsfgyofyx,False
A:pzplvv,2001-09-04,E:no18b7pxm1,False
A:1caz7g,2016-01-13,E:9bici6580e,False
A:1caz7g,2016-06-02,E:d9oqsf16n2,False
A:6sdpm4,2004-10-04,E:4t9ydflo94,False
A:6sdpm4,2004-10-24,E:4jk5hl50vx,False
A:6sdpm4,2005-02-27,E:xx73ncthx8,False
A:6tveej,2008-12-11,E:e2n14mjyp9,False
A:6tveej,2010-04-15,E:66xbkgqwuy,True
A:6tveej,2011-03-16,E:lpvw1buytv,False
A:6tveej,2011-09-25,E:4nhv9wog0u,False
A:6tveej,2011-12-14,E:3ycokdpdbb,False
A:6tveej,2012-06-06,E:cv7am5sr8g,False
A:6tveej,2013-11-27,E:xb8twtbg61,False
A:6tveej,2014-04-08,E:0a375g63zo,False
A:6tveej,2014-06-28,E:a9euxxehxv,False
A:6tveej,2015-07-12,E:gwn8nzna2a,True
A:6tveej,2015-09-15,E:csaphctrql,False
A:6tveej,2015-11-03,E:833yla23ld,False
A:6tveej,2016-02-07,E:jtxhx5zraz,False
A:6tveej,2016-10-21,E:24yrefvhoi,False
A:6tveej,2009-06-12,E:x734xffo3o,False
A:6tveej,2009-10-02,E:v6qru34thx,True
A:6tveej,2010-02-18,E:8be7yy76m2,False
A:6tveej,2011-03-09,E:su1seqo7rd,False
A:6tveej,2012-01-11,E:b1k9nec6u5,False
A:6tveej,2012-03-10,E:zn75pul6t1,False
A:6tveej,2012-05-05,E:9vlepisd7l,False
A:6tveej,2013-04-27,E:bpht8x7jum,False
A:6tveej,2013-10-17,E:78btkgboy1,False
A:6tveej,2013-12-29,E:dbeqyu7fue,False
A:6tveej,2014-02-07,E:czlowhaswd,False
A:6tveej,2014-06-19,E:qgevjy12o3,False
A:6tveej,2015-01-22,E:6x4wlh90n9,False
A:6tveej,2015-03-25,E:65hk113bvl,False
A:6tveej,2015-05-17,E:59fym2jxa0,False
A:6tveej,2015-10-05,E:5r2ptd3xea,False
A:8199h9,2013-05-04,E:ayihjbgo3u,False
A:8199h9,2015-01-20,E:8q2qfrw3b9,False
A:8199h9,2017-04-23,E:sorg178qp4,False
A:8199h9,2012-10-25,E:17wwg1amts,False
A:8199h9,2013-05-14,E:oxj0viwdt6,False
A:8199h9,2013-05-14,E:isvp407ywo,False
A:8199h9,2013-06-14,E:5nr7j4tc69,False
A:8199h9,2014-08-27,E:cnn7w02uv4,False
A:8199h9,2014-08-31,E:aoob6v4slw,False
A:8199h9,2016-11-29,E:stuj5s947q,False
A:97ylg8,2005-11-28,E:y8k3q5qn0q,False
A:97ylg8,2006-05-23,E:x3tw23p8g4,False
A:97ylg8,2006-06-23,E:synfi2wqeh,False
A:97ylg8,2007-11-10,E:3i2868bld2,True
A:97ylg8,2008-01-07,E:xrovojnusn,False
A:97ylg8,2008-08-25,E:3z7rbp648y,False
A:97ylg8,2009-10-23,E:7fs1jcnif3,False
A:97ylg8,2013-04-14,E:sn78gntxx8,False
A:97ylg8,2013-08-04,E:ytbc413y26,True
A:97ylg8,2013-09-03,E:fcvhnk9pqc,False
A:97ylg8,2013-09-03,E:d8sms0a6nh,True
A:97ylg8,2004-07-20,E:sozkq0dx48,False
A:97ylg8,2004-08-04,E:2fbjwexjfz,False
A:97ylg8,2005-10-26,E:esuac93xyo,True
A:97ylg8,2007-03-31,E:trjz8ii0xu,False
A:97ylg8,2008-11-14,E:th0jnfnzog,False
A:97ylg8,2011-08-26,E:ucdp48h8nu,True
A:97ylg8,2012-06-30,E:eg4ssyborr,False
A:w43gkd,2016-03-08,E:u11w1j40qp,False
A:w43gkd,2016-12-22,E:d29jxeenjc,False
A:w43gkd,2017-02-14,E:ab6qdqh5aa,False
A:w43gkd,2017-04-01,E:n0riqe2cg3,False
A:w43gkd,2016-01-22,E:jkdn1asa1a,False
A:w43gkd,2016-05-14,E:hu8mbf231t,False
A:w43gkd,2016-08-14,E:5vzipqrkit,False
A:whqnsi,2002-06-15,E:14rlz58mbl,True
A:whqnsi,2004-09-29,E:3r9e6ps92g,False
A:whqnsi,2005-02-22,E:uk63eybcfe,True
A:whqnsi,2006-01-12,E:kzaoybwwu0,True
A:whqnsi,2004-09-07,E:v7ebozfe5p,False
A:whqnsi,2004-12-28,E:6ketlhzygt,False
A:whqnsi,2005-06-02,E:tfe7yblznz,False
A:whqnsi,2006-06-14,E:ylwnqpxtub,False
A:whqnsi,2008-09-05,E:bwhscutc85,False
A:whqnsi,2009-04-17,E:v8rluxm22q,True
A:whqnsi,2010-02-01,E:w2hnh0hbbt,False
A:o3jqnp,2014-12-15,E:qx990gb6g6,False
A:o3jqnp,2015-01-16,E:bllxnjm3g1,False
A:o3jqnp,2015-03-12,E:2v1glex6p6,False
A:o3jqnp,2016-04-02,E:43wm39p76p,True
A:o3jqnp,2015-01-10,E:6lqvbo6b16,False
A:o3jqnp,2016-02-06,E:eekz3ac1ve,False
A:o3jqnp,2016-04-05,E:6c6l2pqxb0,False
A:hblnam,2009-08-04,E:iwbalh8nra,False
A:hblnam,2011-01-29,E:y8j9lt3iqf,False
A:hblnam,2011-12-05,E:hqfqi02fne,False
A:hblnam,2008-04-30,E:sogg22we91,False
A:hblnam,2008-07-05,E:k80b67bdi5,False
A:hblnam,2009-05-20,E:hhltlmriiv,False
A:hblnam,2009-08-13,E:3wpqi2dpez,False
A:hblnam,2012-05-22,E:rjk0v714qj,False
A:vufnxf,2014-10-30,E:4004rhczd6,True
A:vufnxf,2014-12-09,E:3tny7ob4sm,False
A:vufnxf,2015-06-21,E:ljhcvgohue,False
A:vufnxf,2015-07-22,E:4jor4c6rx8,False
A:vufnxf,2014-07-02,E:4ebta1o3in,False
A:vufnxf,2014-08-02,E:fxhj8di6va,False
A:vufnxf,2014-09-04,E:6v79nwbvgp,False
A:vufnxf,2015-04-25,E:e8ub7tjtas,False
A:vufnxf,2015-12-31,E:tlau7nl2ll,False
A:vufnxf,2016-02-06,E:ixgvuop2q8,False
A:vufnxf,2016-04-12,E:j7e51exqqy,False
A:vufnxf,2016-11-22,E:syr5bcggb3,False
A:vufnxf,2017-01-18,E:elhby4aqlu,False
A:1mu3do,2001-03-16,E:6buyn4w402,False
A:x38ptc,2003-03-20,E:82046zliff,False
A:exr0sg,2010-02-27,E:cn369tk0sd,False
A:exr0sg,2010-02-28,E:pipr053lyz,False
A:exr0sg,2010-07-30,E:qdtmw3ckjv,False
A:exr0sg,2011-06-25,E:h8h15y5fq0,False
A:exr0sg,2012-06-26,E:exelj2an1t,False
A:exr0sg,2013-02-21,E:9v9rodthzr,True
A:exr0sg,2013-03-22,E:nm8tkuhxon,False
A:exr0sg,2015-05-20,E:dyq33r9tek,False
A:exr0sg,2016-07-01,E:m008cnxzcf,True
A:exr0sg,2016-07-01,E:v51gzqldag,True
A:exr0sg,2009-10-20,E:6y3fyv8jmp,False
A:exr0sg,2012-11-01,E:2oxelz17tq,False
A:exr0sg,2013-06-08,E:24ki8d19yw,False
A:exr0sg,2015-09-25,E:19p1h4hmgd,False
A:exr0sg,2017-01-03,E:26ttm32z4i,False
A:l8digl,2016-07-03,E:vnvai87dy4,False
A:l8digl,2016-11-26,E:oh8190p88j,False
A:l8digl,2016-09-27,E:70t9tvpesx,False
A:cwza68,2008-10-21,E:u7m0dtx1zi,True
A:cwza68,2009-02-10,E:17od2db7sf,True
A:cwza68,2009-03-24,E:xc8fra1sy5,False
A:cwza68,2010-03-03,E:k8d88k78sh,True
A:cwza68,2011-01-07,E:c7cre6zdnl,False
A:cwza68,2012-11-20,E:xdpy4emc04,False
A:cwza68,2013-12-14,E:ia1dshi0d1,False
A:cwza68,2013-12-14,E:z3wu74lt6r,True
A:cwza68,2014-01-04,E:rtcj7d7x1c,False
A:cwza68,2014-06-07,E:mmprdzh5vd,False
A:cwza68,2014-10-17,E:bp8d9dquz6,False
A:cwza68,2016-01-15,E:jdyiairc5d,False
A:cwza68,2016-05-20,E:4xqn54k1k5,False
A:cwza68,2009-09-08,E:di77p8nzog,True
A:cwza68,2009-09-20,E:hwlt0p1c81,False
A:cwza68,2009-11-11,E:xmcix2cqt5,False
A:cwza68,2010-04-28,E:c1tub132sf,True
A:cwza68,2011-06-16,E:j8fezvzt9p,False
A:cwza68,2012-02-10,E:qpdag8ky0m,False
A:cwza68,2012-03-09,E:l0ct3r8fec,False
A:cwza68,2013-10-22,E:p0lggui7xn,True
A:cwza68,2014-02-04,E:6uzacl3pe2,False
A:cwza68,2015-09-16,E:n7agwicd1l,False
A:cwza68,2015-11-18,E:ggkdpnxw43,False
A:cwza68,2016-09-04,E:sg7m0y5lm4,False
A:l3qaqq,2014-05-23,E:romjcztavt,False
A:l3qaqq,2015-10-22,E:neelmf6v4x,False
A:yapyai,2006-03-06,E:2p9414hem2,False
A:yapyai,2006-12-28,E:pwdoj9zg38,False
A:yapyai,2007-11-23,E:6ztvaiw3jh,False
A:yapyai,2008-07-22,E:5akhcplu9y,False
A:yapyai,2008-10-22,E:j19zsxnpn7,False
A:yapyai,2008-12-23,E:wjz8lwqn81,False
A:yapyai,2009-08-24,E:t95rw3ygkr,False
A:yapyai,2010-09-08,E:4etcp907rj,False
A:yapyai,2005-09-27,E:i8a9bx1m3t,False
A:yapyai,2005-12-18,E:bdi9p67jjt,False
A:yapyai,2006-06-18,E:9mb1ma29c4,False
A:yapyai,2006-09-12,E:61ilvif641,False
A:yapyai,2007-02-16,E:qk4gt4hpgg,False
A:yapyai,2008-12-26,E:in9gbi8ten,False
A:yapyai,2009-02-20,E:ypyj1bxzns,True
A:yapyai,2009-08-26,E:d5kko23gg3,False
A:yapyai,2009-10-23,E:v6noffdpmh,False
A:yapyai,2009-10-23,E:a43ksopiep,False
A:yapyai,2011-07-25,E:ls3gnryw1z,False
A:yapyai,2012-03-29,E:3nql4hxuy8,False
A:yapyai,2012-06-20,E:m7cpg9q3qd,False
A:yapyai,2013-01-03,E:y71ruykph4,False
A:0dg9zy,2004-08-23,E:jan6u2mv89,False
A:0dg9zy,2005-01-09,E:5l7ul8drs9,False
A:0dg9zy,2005-09-13,E:7xb00w3q9l,False
A:0dg9zy,2006-05-12,E:0l3jx30217,False
A:0dg9zy,2006-07-07,E:vdzq3qs82a,True
A:0dg9zy,2006-10-27,E:xfg97i11ni,True
A:0dg9zy,2008-08-02,E:05u5uvk30c,False
A:0dg9zy,2009-07-16,E:h5y2xp45y7,True
A:0dg9zy,2009-08-23,E:2d9rmzmxfz,False
A:0dg9zy,2005-04-07,E:5xh6lploi4,False
A:0dg9zy,2006-05-06,E:s06x3k8dgt,False
A:0dg9zy,2007-05-31,E:v3od9abni0,False
A:0dg9zy,2007-08-14,E:h4eaujzxq7,False
A:0dg9zy,2008-07-08,E:xrmhdxfifv,False
A:0dg9zy,2009-03-14,E:ti82z9pgzb,True
A:0dg9zy,2009-03-26,E:ipwx79c1no,False
A:cxdu0y,2001-02-09,E:kdbdipuna8,False
A:cxdu0y,2002-05-30,E:rhnf81zdio,False
A:cxdu0y,2002-08-07,E:qe685zlxu4,False
A:cxdu0y,2003-04-01,E:qkj9br0lf4,False
A:cxdu0y,2001-02-22,E:85ndfr9jca,False
A:cxdu0y,2001-03-28,E:cqjhw7j4gw,False
A:cxdu0y,2002-12-09,E:pnk3dxfn8g,False
A:cxdu0y,2003-07-11,E:kr57m51rvm,False
A:qil9d7,2006-04-04,E:d4x0capcty,False
A:qil9d7,2007-02-16,E:fgd5wmn06c,True
A:qil9d7,2006-10-27,E:j8wb5cm8t2,False
A:6fy7o6,2012-12-15,E:5oisx0fi9w,True
A:6fy7o6,2012-12-15,E:0r39hwzuba,True
A:6fy7o6,2013-06-14,E:hd4dusuoyx,False
A:6fy7o6,2013-08-22,E:dlqxbmpaxp,False
A:6fy7o6,2013-10-25,E:4rtsx91cta,False
A:6fy7o6,2014-02-11,E:071nyxlmu0,False
A:6fy7o6,2013-03-16,E:1onois0adb,False
A:6fy7o6,2014-06-26,E:ma0fdnf34e,False
A:6fy7o6,2015-05-28,E:yvmexgp9e3,False
A:6fy7o6,2015-06-22,E:c5f2sh5hp4,False
A:9ks73c,2013-08-02,E:w2gxg6puib,False
A:9ks73c,2013-11-12,E:mft9c93b0w,False
A:9ks73c,2014-06-03,E:jcs3o6aosn,False
A:9ks73c,2015-11-12,E:vcoar8r83o,False
A:9ks73c,2015-11-12,E:3h51ep6xpt,True
A:9ks73c,2016-03-19,E:bgg1ee1w21,False
A:9ks73c,2016-09-12,E:mb7fr1q378,False
A:9ks73c,2017-05-02,E:7z1ad25aes,False
A:9ks73c,2014-06-03,E:i092hr0o5z,True
A:9ks73c,2014-07-04,E:mo94npbyuz,False
A:9ks73c,2015-02-13,E:mibs4bvtw6,True
A:9ks73c,2016-03-03,E:u9nug1zlz5,True
A:9ks73c,2016-03-21,E:ebsb6m4tx8,False
A:9ks73c,2017-02-14,E:tci3x1efrm,False
A:9ks73c,2017-04-05,E:weleb1gx2e,False
A:vv2tqa,2001-05-04,E:gyappt4f04,False
A:vv2tqa,2004-11-11,E:7a31lde1ei,True
A:vv2tqa,2008-04-24,E:j5fptrrdkt,True
A:vv2tqa,2000-10-06,E:7aj3z3wosu,False
A:vv2tqa,2001-08-02,E:gn91v7qgn5,False
A:vv2tqa,2004-02-05,E:3in02xb3m7,False
A:vv2tqa,2004-12-27,E:ricyyd8azm,False
A:vv2tqa,2006-01-05,E:56n5xa5fis,False
A:vv2tqa,2008-09-17,E:6vigwigwfu,False
A:vv2tqa,2009-02-03,E:zhbsp66tcj,False
A:qgj6id,2009-12-17,E:fxraxlxrz4,False
A:qgj6id,2010-04-04,E:ca5d6j6sj4,False
A:qgj6id,2010-04-15,E:qc9ram4mzw,False
A:qgj6id,2010-11-06,E:9qzk6nhcmc,False
A:qgj6id,2011-10-20,E:ca4mw1wkuy,True
A:qgj6id,2010-04-30,E:0pplql9o6t,False
A:qgj6id,2010-06-06,E:m5oabtnqhp,False
A:qgj6id,2011-06-05,E:24avfc54hv,False
A:qgj6id,2011-08-25,E:o0zu0ofqcu,False
A:qgj6id,2012-06-17,E:g6vr7yimwh,False
A:qgj6id,2014-01-05,E:yasi3millj,False
A:hn8euw,2006-09-26,E:ibjz3dofqk,False
A:hn8euw,2007-02-23,E:emba4l1yl2,False
A:hn8euw,2008-09-11,E:cms80kc3y1,False
A:hn8euw,2008-09-17,E:l7kkjdl5z5,False
A:hn8euw,2008-09-23,E:b9d2qf85g7,False
A:mcdfev,2004-05-15,E:g33b97ij2i,True
A:mcdfev,2004-07-10,E:vag6n356ws,True
A:mcdfev,2006-08-30,E:db83gelo0a,False
A:mcdfev,2008-01-30,E:4uolql49dr,True
A:mcdfev,2009-06-24,E:99urskx8k6,True
A:mcdfev,2011-02-11,E:0585dsqjdk,False
A:mcdfev,2004-05-15,E:wjvvvyukj6,True
A:mcdfev,2004-12-25,E:xo52jt5o7p,True
A:mcdfev,2005-01-31,E:orr8xqui2m,False
A:mcdfev,2006-12-25,E:u5ka5oaewk,False
A:mcdfev,2007-04-25,E:mmph6botdl,False
A:mcdfev,2008-04-02,E:ygdzeb18s0,False
A:mcdfev,2009-12-17,E:efb4k6bod0,False
A:mcdfev,2010-07-29,E:h4b5bd5j9h,False
A:mcdfev,2010-08-18,E:802e96d2xt,False
A:mcdfev,2011-02-11,E:ftbiczzn3u,True
A:mcdfev,2011-10-07,E:bouxukz2jj,False
A:mcdfev,2013-02-21,E:rx6qszwke1,False
A:mcdfev,2013-04-18,E:vvum06z0te,True
A:84y0cd,2001-07-28,E:t1azhvsypp,False
A:84y0cd,2002-03-25,E:o2l5sju7z1,False
A:84y0cd,2003-08-21,E:ndp9zfihmp,False
A:84y0cd,2005-03-15,E:48bywumdcj,True
A:84y0cd,2005-08-30,E:sh5wmgm55p,False
A:84y0cd,2007-07-07,E:x3t0akbplf,False
A:84y0cd,2007-09-01,E:tbkgxrkg19,True
A:84y0cd,2008-01-08,E:8w4ja4vyye,False
A:84y0cd,2008-04-14,E:78c4mrpo83,False
A:84y0cd,2008-12-21,E:sfgl621pd0,False
A:84y0cd,2001-08-27,E:firbfip2r5,False
A:84y0cd,2001-10-14,E:j7recqrvtr,False
A:84y0cd,2002-02-04,E:6vwdbbjkv6,False
A:84y0cd,2002-07-03,E:0nyy3u56n9,False
A:84y0cd,2003-08-08,E:8fwkegijlx,False
A:84y0cd,2004-08-03,E:8hv9g5eili,False
A:84y0cd,2005-10-22,E:jzbfwcy47d,False
A:84y0cd,2007-01-24,E:4lpziynsjz,False
A:84y0cd,2007-02-05,E:e56ljsmsv0,False
A:84y0cd,2007-09-09,E:xg89si4q6n,False
A:84y0cd,2007-12-24,E:8i0sid4qdv,False
A:84y0cd,2008-03-26,E:1tojkhmo12,False
A:84y0cd,2008-08-13,E:wvgoeo1eos,False
A:84y0cd,2008-09-11,E:i35y4pq775,False
A:84y0cd,2009-10-12,E:u0l2qy0xdm,False
A:o56vf4,2016-12-24,E:hve5ndgi5o,False
A:wxiii6,2006-07-23,E:4injainx1j,False
A:wxiii6,2006-08-21,E:fx7zeh2lmo,False
A:wxiii6,2007-05-28,E:mqzv0g0r6g,True
A:wxiii6,2007-07-18,E:ny6wsu8pxw,False
A:wxiii6,2007-12-31,E:tqkqm6npez,False
A:wxiii6,2008-02-10,E:26212rznzo,False
A:wxiii6,2009-05-02,E:hse5yd8tjj,False
A:wxiii6,2010-06-28,E:s4cuy7mrjg,False
A:wxiii6,2013-05-23,E:nkj1oyqdhb,False
A:wxiii6,2006-06-27,E:8dd1ev8qok,False
A:wxiii6,2006-07-26,E:d3dbtu7ik4,False
A:wxiii6,2006-08-21,E:kxiifxa50e,True
A:wxiii6,2007-09-28,E:ee2k67cvkc,False
A:wxiii6,2008-05-23,E:24uhwov2v8,False
A:wxiii6,2009-05-18,E:tktw1nda8w,False
A:wxiii6,2010-09-08,E:zzpddvawdt,False
A:wxiii6,2010-12-01,E:9sn98vhda4,False
A:wxiii6,2012-03-21,E:jsqwl03l4y,False
A:wxiii6,2012-06-25,E:yn1z3acis7,False
A:wxiii6,2013-01-15,E:cwuifxhodw,False
A:wxiii6,2013-11-26,E:naj6jhfw38,False
A:wxiii6,2014-08-01,E:6628myo07f,False
A:atorvu,2008-10-16,E:6cdktnnnuk,False
A:atorvu,2009-01-16,E:bqbtjdaitl,False
A:atorvu,2009-04-03,E:2j4jw098im,False
A:atorvu,2009-09-17,E:epyl1tbeyu,True
A:atorvu,2010-05-29,E:u702mv6b3f,False
A:atorvu,2011-02-04,E:jx1ewvh6el,True
A:atorvu,2011-05-17,E:oap63pczyk,False
A:atorvu,2011-10-04,E:gkhx29ou10,False
A:atorvu,2013-08-13,E:zzatwrt2ev,False
A:atorvu,2013-09-10,E:7veceff6n6,False
A:atorvu,2014-01-29,E:z3d3g0iobv,False
A:atorvu,2014-05-23,E:mlwchq3zr5,False
A:atorvu,2014-10-30,E:k3o06u1mxs,False
A:atorvu,2014-12-25,E:0qmx3itw3r,True
A:atorvu,2015-08-23,E:kvx02bdpvi,False
A:atorvu,2015-10-15,E:1eyrsvdwa4,False
A:atorvu,2016-04-24,E:vujnkbqkwv,False
A:atorvu,2007-05-10,E:er79ufq7zx,False
A:atorvu,2007-06-01,E:rkmejj6tl9,False
A:atorvu,2008-03-18,E:2i1039aked,False
A:atorvu,2009-07-23,E:sw62xnuwgm,False
A:atorvu,2010-04-03,E:l0hb5k6d2z,False
A:atorvu,2010-07-01,E:e6mp61h6rc,False
A:atorvu,2010-08-05,E:aq1e3gry0k,False
A:atorvu,2011-01-05,E:uw5ph53vq9,False
A:atorvu,2011-02-04,E:6fjfub5hvu,False
A:atorvu,2011-07-04,E:iwin6fdzsv,False
A:atorvu,2011-10-07,E:eksa41xvga,False
A:atorvu,2012-07-04,E:edlp7wkltj,False
A:atorvu,2012-07-12,E:jyw9ea0prb,False
A:atorvu,2012-09-07,E:mr2gqfw2ap,False
A:atorvu,2013-01-02,E:7umn92y5j6,False
A:atorvu,2013-11-16,E:p6ung6dkcb,False
A:atorvu,2015-03-27,E:6aamid09ep,False
A:atorvu,2015-06-24,E:yhokv2x2lb,False
A:atorvu,2016-02-22,E:t924rifzpl,False
A:j402zd,2003-07-09,E:83xv2wg6ri,False
A:j402zd,2004-09-23,E:rthsgwaav2,True
A:j402zd,2002-06-26,E:zmaa6pfm31,True
A:j402zd,2002-09-24,E:3ze26k4hbj,False
A:j402zd,2003-02-08,E:ses1jzcxy2,False
A:j402zd,2003-04-07,E:6oqqjjzg9v,False
A:j402zd,2003-12-01,E:2s07zg7au1,False
A:j402zd,2004-02-10,E:5iursebxof,False
A:j402zd,2004-06-17,E:vxjrkii49i,False
A:j402zd,2004-09-23,E:l06f967nsa,False
A:j402zd,2005-03-20,E:zjd3kuln8w,False
A:j402zd,2005-03-25,E:b0ave7dd0z,False
A:r6kf06,2002-05-16,E:rpdxqafsk0,False
A:r6kf06,2002-07-29,E:4rtp8juhky,False
A:r6kf06,2003-08-25,E:42l4zhhmsn,True
A:r6kf06,2002-07-04,E:khtl9y6a2v,False
A:r6kf06,2004-02-01,E:rqveo6bdcw,False
A:r6kf06,2004-05-23,E:gtgkakupx8,False
A:5j07tf,2001-10-07,E:4fz4a1byr9,False
A:5j07tf,2001-10-07,E:4v2ywpha1z,True
A:5j07tf,2001-10-13,E:u6glhk01nu,False
A:5j07tf,2003-03-20,E:7lk7er20aa,False
A:5j07tf,2004-01-03,E:lau2mux09j,False
A:5j07tf,2004-01-22,E:snndwnxe6y,False
A:5j07tf,2003-05-08,E:13lu1ucgne,False
A:5j07tf,2003-11-28,E:7qo1vd7hpv,False
A:5j07tf,2004-03-05,E:6728di88nn,False
A:5j07tf,2004-06-10,E:efup5ot81v,False
A:axpxud,2001-12-16,E:pxpz4zc5tb,False
A:axpxud,2002-09-15,E:eirvftblz2,False
A:axpxud,2003-04-27,E:zcyl1el38a,True
A:axpxud,2003-04-27,E:bhyt7a5wjj,False
A:axpxud,2003-05-19,E:02glbp243j,False
A:axpxud,2003-07-14,E:6gpginyen0,True
A:axpxud,2003-09-01,E:is7zaukutv,True
A:axpxud,2003-12-10,E:yrrz4aprm3,True
A:axpxud,2004-01-06,E:3mly4bgr1f,False
A:axpxud,2004-01-21,E:676o5n177z,False
A:axpxud,2004-01-23,E:ftznt20kpc,False
A:axpxud,2004-08-05,E:qp2sh65j59,False
A:axpxud,2006-09-22,E:0z8dotdn0m,False
A:axpxud,2007-03-28,E:xesij0u6dt,True
A:axpxud,2007-06-01,E:nkfbgy289a,False
A:axpxud,2007-09-10,E:uf9mz4n8dn,False
A:axpxud,2008-04-23,E:yz5vyq436g,False
A:axpxud,2009-11-16,E:eezwua07yq,False
A:axpxud,2003-01-05,E:jt2j1u9ltz,True
A:axpxud,2003-09-01,E:c78o658gqq,False
A:axpxud,2003-10-15,E:be50ty85gr,False
A:axpxud,2005-07-03,E:3u1t22uaw8,False
A:axpxud,2005-08-10,E:xmjlsy2cah,False
A:axpxud,2006-02-19,E:bdjm44rul9,False
A:axpxud,2006-11-17,E:1wkymk7r7x,True
A:axpxud,2007-03-28,E:4iim92ejrk,False
A:axpxud,2007-06-29,E:eq4recqvqp,False
A:axpxud,2008-02-23,E:rbzh09mpbh,False
A:axpxud,2009-10-06,E:9cyvjeidbv,False
A:o57n0g,2011-10-17,E:2ow6w1169x,True
A:o57n0g,2013-02-06,E:71vyutnwyl,False
A:o57n0g,2013-06-20,E:h74i5upp9c,False
A:o57n0g,2014-01-29,E:puz3j35aqh,False
A:o57n0g,2014-09-29,E:h05ysh6sy5,False
A:o57n0g,2015-02-12,E:x0e08jbumk,False
A:o57n0g,2015-04-03,E:j42m2ps8to,False
A:o57n0g,2015-07-21,E:55d1rq6a39,True
A:o57n0g,2011-05-23,E:432hkthv1e,False
A:o57n0g,2011-08-22,E:4isgsfkmm5,False
A:o57n0g,2012-01-14,E:9viysrr2fo,False
A:o57n0g,2012-01-24,E:nxx1fsczct,False
A:o57n0g,2012-04-09,E:81e8rjtcns,False
A:o57n0g,2012-07-22,E:rxb24a6man,False
A:o57n0g,2013-02-13,E:h1o4h1fjvt,False
A:o57n0g,2013-04-29,E:v6zbceqo3o,False
A:o57n0g,2014-08-03,E:ztwahu9hvq,False
A:o57n0g,2015-07-21,E:tsef9hnxac,False
A:o57n0g,2015-10-01,E:mrmbcndxef,False
A:7520px,2008-12-22,E:0y4v5p9yjq,False
A:7520px,2009-07-13,E:arz5gzpxth,False
A:7520px,2010-01-31,E:zb9qb7bsw0,False
A:7520px,2010-03-07,E:lp33ru0pee,False
A:7520px,2010-03-10,E:wodqztiy61,False
A:7520px,2010-08-05,E:yxurdpvjtm,False
A:7520px,2011-07-10,E:agu6rnmi3h,False
A:7520px,2012-03-14,E:wrr7qcef2q,False
A:7520px,2008-07-19,E:pj7iryxwva,False
A:7520px,2009-05-17,E:o73hhpm5g1,False
A:7520px,2009-06-26,E:fns3ouvoi5,False
A:7520px,2009-11-07,E:qic3cs5xo2,False
A:7520px,2010-05-28,E:4c23tjiowo,False
A:7520px,2013-03-20,E:pf7xnpilns,False
A:7520px,2013-08-12,E:wroxni6lug,False
A:4yxzk8,2016-03-13,E:aphgxf063a,False
A:4yxzk8,2016-05-08,E:hkkklnpfq6,True
A:4yxzk8,2016-07-31,E:8caqi20flc,False
A:4yxzk8,2016-06-13,E:5scmtp5njd,False
A:4yxzk8,2017-01-17,E:elsy0p2oeg,False
A:4yxzk8,2017-03-29,E:55nlrrkinl,False
A:r0sjwq,2011-03-07,E:iipodbl65u,False
A:r0sjwq,2011-06-21,E:qaia0dv7e3,False
A:r0sjwq,2012-05-18,E:8qpeshphzr,False
A:r0sjwq,2012-11-02,E:oo49ce8wx4,True
A:r0sjwq,2013-03-23,E:uggdzdx4xp,False
A:r0sjwq,2014-04-14,E:w7dzty6m1g,False
A:r0sjwq,2015-09-19,E:yp69oggv56,False
A:r0sjwq,2015-12-06,E:emlutmjghn,False
A:r0sjwq,2016-01-31,E:tz6g2ormso,True
A:r0sjwq,2016-11-09,E:semdd85ytv,False
A:r0sjwq,2012-01-10,E:ifvedgvekx,False
A:r0sjwq,2013-02-15,E:kvan0z2a8e,False
A:r0sjwq,2014-02-03,E:tda3gbz92m,False
A:r0sjwq,2015-04-12,E:n1e8psgml9,False
A:h28j3k,2015-06-27,E:b2tzvgt27p,False
A:h28j3k,2016-07-23,E:i7rp5rkxvs,False
A:h28j3k,2017-01-30,E:ulgtjlq4s7,True
A:h28j3k,2015-08-29,E:ohv0bf2wi8,False
A:h28j3k,2015-12-07,E:dvik6jsgtb,False
A:h28j3k,2016-01-06,E:h9emm7n7co,False
A:h28j3k,2016-08-15,E:s50rzbhxv2,False
A:h28j3k,2017-04-24,E:rvouprk0vg,False
A:h28j3k,2017-05-17,E:muoh9epu79,False
A:13c9od,2007-01-13,E:l9oj5ijzzm,False
A:13c9od,2007-05-09,E:a05648iyur,False
A:13c9od,2007-05-12,E:tg5t8im4eq,False
A:13c9od,2008-01-23,E:idmwot8rfq,False
A:13c9od,2006-09-15,E:xikxd16lg9,False
A:13c9od,2007-08-26,E:6ycbjprqv2,False
A:13c9od,2008-03-11,E:uehzxmo4h7,False
A:13c9od,2008-08-09,E:wnugijsagv,False
A:ufrt9p,2017-01-13,E:1m8rt2fqjd,False
A:ufrt9p,2016-10-23,E:rg8jjuvjk2,False
A:5y8vqn,2003-07-02,E:e057sgy8f2,True
A:5y8vqn,2003-12-13,E:7daj92me7t,False
A:5y8vqn,2004-01-12,E:9nuz1xik2m,False
A:5y8vqn,2004-09-23,E:3mrpxlyj3s,False
A:5y8vqn,2004-11-18,E:21lhn8xiq7,True
A:5y8vqn,2006-09-06,E:ewsq3yhwx5,False
A:5y8vqn,2006-11-01,E:rgug2c852a,True
A:5y8vqn,2006-11-30,E:4h61hmwbw6,False
A:5y8vqn,2007-08-26,E:acudwjo6py,False
A:5y8vqn,2010-01-12,E:nkcpu0km62,False
A:5y8vqn,2011-04-14,E:wyxbdh0dgr,False
A:5y8vqn,2005-07-04,E:3d2yrt9km4,False
A:5y8vqn,2005-07-27,E:7q7x7tt7op,False
A:5y8vqn,2006-02-19,E:6jx57rr0jh,False
A:5y8vqn,2006-04-16,E:o7neqbw6tt,False
A:5y8vqn,2006-08-10,E:ppj261bes5,False
A:5y8vqn,2006-12-07,E:ylntsmqv0v,False
A:5y8vqn,2007-10-25,E:preiafdtfi,False
A:5y8vqn,2008-02-09,E:8s1v90xbat,False
A:5y8vqn,2010-11-14,E:ibfjstpqj0,False
A:5y8vqn,2011-08-29,E:6mi6gvuqur,False
A:5y8vqn,2011-12-19,E:3bzlzludo1,True
A:ykopd2,2014-03-25,E:wfvww1ykcv,False
A:ykopd2,2013-03-07,E:lo142r3tkv,False
A:ykopd2,2014-05-19,E:qiq855y8fl,False
A:ykopd2,2014-08-29,E:4h3u3u86a7,False
A:ykopd2,2015-03-27,E:y3bymljcym,False
A:ykopd2,2017-03-09,E:q7ql128if8,False
A:05y6pa,2008-11-26,E:a6p6ral8ln,False
A:05y6pa,2011-04-23,E:0d245d31r0,False
A:05y6pa,2011-08-08,E:7ht9xuquqq,False
A:05y6pa,2012-04-23,E:0hzvrzjk52,False
A:05y6pa,2012-12-03,E:1tad0eo78a,True
A:05y6pa,2013-09-25,E:9jdclu06a6,False
A:05y6pa,2009-03-25,E:krdug1zk4k,False
A:05y6pa,2009-12-01,E:k2aq31j1u8,False
A:05y6pa,2010-11-11,E:3980fazvgf,False
A:05y6pa,2011-03-03,E:10yy8t172l,True
A:05y6pa,2013-10-14,E:8ghkk26gmm,False
A:tzbon5,2017-02-06,E:scc98k9bah,False
A:tzbon5,2017-03-04,E:nv9xx0w3un,False
A:tzbon5,2017-05-11,E:sk1148x54i,False
A:u1ooyr,2014-03-18,E:0wfhl60u7t,False
A:u1ooyr,2014-07-08,E:x5foz683lc,True
A:u1ooyr,2015-01-07,E:6u2f6fdkbn,True
A:u1ooyr,2015-10-26,E:vkio1pp9j8,False
A:u1ooyr,2016-07-26,E:odgo84tgib,False
A:u1ooyr,2016-10-01,E:lmj9z1tqt4,False
A:u1ooyr,2014-01-14,E:umzno6uycr,False
A:u1ooyr,2014-03-18,E:xl2kn3gkgv,True
A:u1ooyr,2014-08-12,E:oowsevjash,False
A:u1ooyr,2014-09-17,E:p435xegx3v,False
A:u1ooyr,2015-01-09,E:g06472b7xg,False
A:u1ooyr,2015-08-12,E:mbqr3z4rcn,False
A:u1ooyr,2016-03-12,E:jhofow75le,False
A:u1ooyr,2017-01-13,E:yk5o62681s,False
A:u1ooyr,2017-02-16,E:blj4n5krae,False
A:u1ooyr,2017-04-13,E:4w21p6xzkz,True
A:7wypua,2001-07-20,E:xbp2sfpbag,False
A:7wypua,2003-04-30,E:cemkn3yg1e,False
A:7wypua,2004-06-25,E:cqg52lbbhv,False
A:7wypua,2006-08-17,E:52bijyc4j0,True
A:7wypua,2006-12-07,E:o7vrt7bouh,True
A:7wypua,2008-03-26,E:jpccekwjmo,False
A:7wypua,2002-02-15,E:cx9xs2fgq4,False
A:7wypua,2003-02-04,E:j857frvo73,False
A:7wypua,2003-11-29,E:iqbvd24sc4,False
A:7wypua,2005-03-10,E:fs1jmpwy0j,False
A:7wypua,2006-04-20,E:35mv9nys5e,False
A:7wypua,2006-05-07,E:mpmeco0hqy,False
A:7wypua,2006-06-05,E:0doyxyxfmr,False
A:7wypua,2006-08-17,E:mc4493rhc6,False
A:7wypua,2007-03-10,E:f37m2q9ylk,False
A:7wypua,2007-12-22,E:f9j48k350w,False
A:7wypua,2007-12-24,E:wlx2oeyqlc,False
A:7wypua,2008-04-18,E:cw95zpukg3,False
A:4ankgt,2007-04-29,E:6qp61em0vx,False
A:4ankgt,2007-11-23,E:be3aavovr9,False
A:4ankgt,2007-03-15,E:qiowklkswn,False
A:4ankgt,2007-10-23,E:kmlii958ug,False
A:4ankgt,2008-05-12,E:k72ube4smq,False
A:qr4234,2008-01-09,E:vb6be09jjq,False
A:qr4234,2008-02-08,E:ik5f2846gd,False
A:qr4234,2008-03-05,E:tix50aoggh,False
A:qr4234,2008-05-27,E:8vujj209xg,False
A:qr4234,2008-06-03,E:4tuq1hvxvu,False
A:4f0kgt,2012-03-28,E:2aa2ef8t79,False
A:4f0kgt,2012-06-19,E:3yzlhtbojj,False
A:4f0kgt,2012-10-03,E:lqvewe01tm,False
A:4f0kgt,2012-11-02,E:pe8mc51i8p,False
A:4f0kgt,2010-09-30,E:0am4k3wmpw,False
A:4f0kgt,2011-02-27,E:9np6ue4f3x,False
A:4f0kgt,2011-08-20,E:5q7po0y3ft,False
A:4f0kgt,2012-12-23,E:08ewk8e0r0,False
A:4f0kgt,2013-10-22,E:j9bqv8vf3e,False
A:4f0kgt,2014-10-06,E:hwjqm2ddkz,False
A:4f0kgt,2015-01-25,E:hplpxyk49b,False
A:4f0kgt,2015-11-29,E:hkjwi7afix,False
A:4f0kgt,2016-02-12,E:fqd2ml9ayl,False
A:4f0kgt,2017-03-27,E:8z9fl9541e,False
A:4f0kgt,2017-04-02,E:09jp3dkija,False
A:u78te3,2009-04-18,E:p2k6wydz3l,False
A:u78te3,2009-12-11,E:lpzwf3fzvt,False
A:u78te3,2013-01-04,E:xxngnetzeb,False
A:u78te3,2013-01-18,E:s4a280hwyu,False
A:u78te3,2013-03-26,E:lxfoik8zuy,False
A:u78te3,2014-01-12,E:19dwe8cuns,False
A:u78te3,2014-09-16,E:q4j9ldtynq,False
A:u78te3,2016-11-10,E:cau8h1bcyv,False
A:u78te3,2008-11-30,E:5hyvm4dnrz,False
A:u78te3,2011-09-14,E:mbz4tsl2fb,False
A:u78te3,2011-11-26,E:m8ksvzyo8u,False
A:u78te3,2012-01-25,E:hyqxg3dgi3,False
A:u78te3,2012-03-09,E:773nbeifxb,False
A:u78te3,2012-05-03,E:ggjdw7jdl3,False
A:u78te3,2012-08-15,E:8kssucqktv,False
A:u78te3,2013-02-07,E:w6ljpczrdy,False
A:u78te3,2013-09-03,E:t2ppjzw68w,False
A:u78te3,2014-05-08,E:02nr3nzxbm,False
A:u78te3,2015-05-16,E:ot43r7r0xs,False
A:u78te3,2015-11-19,E:3w2f73k1i9,False
A:u78te3,2015-11-22,E:u2fn5jo9pt,False
A:u78te3,2016-01-29,E:qlt5co4bn5,False
A:u78te3,2017-01-19,E:k5fx7lau10,False
A:77f0ch,2003-01-25,E:f3nkykndkq,True
A:77f0ch,2003-03-29,E:dl5xfec5cw,False
A:77f0ch,2003-08-09,E:entbsulbab,False
A:77f0ch,2003-08-22,E:qxlh1ce0by,False
A:77f0ch,2004-11-25,E:4roglqnns2,False
A:77f0ch,2003-01-25,E:0br4t1aibh,False
A:77f0ch,2003-05-06,E:bdd4me3i5a,False
A:77f0ch,2004-11-28,E:s06xevfc1v,False
A:77f0ch,2005-04-20,E:ijxq7zpbfy,False
A:271d3q,2006-11-21,E:efr9txo7w4,False
A:271d3q,2007-06-25,E:gfbt7fh7ob,False
A:271d3q,2010-01-15,E:t90leqin6w,False
A:271d3q,2010-11-20,E:pxj8jocp78,False
A:271d3q,2010-12-26,E:qy89coto5l,False
A:271d3q,2011-07-01,E:mww9b2tkk2,False
A:271d3q,2006-07-22,E:6351405gap,True
A:271d3q,2006-11-30,E:mn8cvssmlx,False
A:271d3q,2007-01-25,E:zdj1pesmms,True
A:271d3q,2007-04-24,E:mk7192drdk,False
A:271d3q,2007-10-15,E:24j2utjshp,True
A:271d3q,2009-02-24,E:qfcdh175jt,False
A:271d3q,2009-04-07,E:wi7382768c,False
A:271d3q,2009-11-17,E:va6sdihntn,True
A:271d3q,2010-04-11,E:pzics5k1te,False
A:271d3q,2010-10-05,E:celmezbmj5,False
A:271d3q,2012-01-07,E:46qmex65f3,False
A:271d3q,2012-04-28,E:yg4uy7c3yv,True
A:6tjk91,2013-12-20,E:8jc79vy22x,False
A:6tjk91,2014-03-03,E:dzcj9yz2sb,False
A:6tjk91,2014-04-19,E:dg6b2bg59d,False
A:6tjk91,2014-07-15,E:kh82fs8sze,False
A:6tjk91,2014-11-27,E:a7xmvzx32z,False
A:j9z5oa,2013-11-29,E:615cenn937,False
A:j9z5oa,2014-07-11,E:se4t01en2h,False
A:j9z5oa,2015-07-21,E:t9xle5dluw,True
A:j9z5oa,2015-11-16,E:8kvtdqkys9,False
A:j9z5oa,2013-09-05,E:qa2jsrzikl,False
A:j9z5oa,2013-11-21,E:mfqsxa9zq2,False
A:j9z5oa,2014-08-22,E:qlxsuv2t0m,False
A:j9z5oa,2014-10-04,E:16uguffzdb,False
A:j9z5oa,2015-02-03,E:a4bnowqbv8,False
A:j9z5oa,2015-07-21,E:vkbba60fxj,True
A:j9z5oa,2017-03-18,E:2vb9xn2oul,False
A:100egl,2008-08-24,E:iyaibnxhcf,True
A:100egl,2009-11-28,E:9aok0p0tma,False
A:100egl,2010-01-23,E:ncsnldmtb2,True
A:100egl,2010-01-23,E:5wkj1wu0fm,True
A:100egl,2010-07-07,E:9ec1byqlvg,False
A:100egl,2010-04-13,E:9mmdnvzy54,False
A:100egl,2010-12-22,E:6o5pubh0o9,True
A:100egl,2011-06-08,E:zmg3f1jhz4,False
A:100egl,2013-01-24,E:rsk68jg7ts,False
A:100egl,2013-07-02,E:j7877qk0do,False
A:100egl,2013-07-02,E:7pbfg3e4ul,True
A:bo36ea,2005-07-06,E:kwm2xepa67,False
A:bo36ea,2006-04-26,E:0wspidj7y1,False
A:bo36ea,2006-08-16,E:doim7h7955,True
A:bo36ea,2007-02-01,E:ebpk409f3z,False
A:bo36ea,2007-12-08,E:oaykjns3x9,False
A:bo36ea,2008-03-22,E:tt067cpsc0,False
A:bo36ea,2008-05-26,E:zgyv7a679f,False
A:bo36ea,2005-05-04,E:xm46kiio4d,False
A:bo36ea,2006-10-03,E:8avxi4vkoo,False
A:bo36ea,2007-02-15,E:ofze1xm614,False
A:bo36ea,2007-09-27,E:vs8kiliuzd,True
A:bo36ea,2007-10-28,E:g3bg4blohp,False
A:bo36ea,2007-12-13,E:he5aimu0xi,False
A:bo36ea,2008-03-11,E:tiimfa24q1,False
A:bo36ea,2008-06-08,E:o7x8b82wrs,False
A:bo36ea,2008-06-08,E:urquo998rq,True
A:bo36ea,2008-12-12,E:cxh6sozhrx,False
A:bo36ea,2009-06-18,E:907qyjdpie,False
